SUBJECT,CONFIGURATION,SEED,ALGORITHM,PROBE_ENABLED,CONSTANT_POOL_ENABLED,COVERAGE,COVERED_BRANCHES,TOTAL_BRANCHES,BRANCH_COVERAGE,COVERED_LINES,TOTAL_LINES,LINE_COVERAGE,COVERED_FUNCTIONS,TOTAL_FUNCTIONS,FUNCTION_COVERAGE,COVERED_PROBES,TOTAL_PROBES,PROBE_COVERAGE,INITIALIZATION_TIME,SEARCH_TIME,TOTAL_TIME,ITERATIONS,EVALUATIONS,VERSION
help.js,,0.6908828641475244,DynaMOSA,,true,0.5434782608695652,23,66,0.3484848484848485,57,119,0.4789915966386555,21,37,0.5675675675675675,,,,2.258000135421753,60.03699994087219,62.295000076293945,94,2926,1
option.js,,0.6908828641475244,DynaMOSA,,true,0.7931034482758621,6,18,0.3333333333333333,48,57,0.8421052631578947,13,15,0.8666666666666667,,,,0.4930000305175781,60.013999938964844,60.50699996948242,142,4403,1
option.js,,0.6908828641475244,DynaMOSA,,true,0.9310344827586207,7,18,0.3888888888888889,48,57,0.8421052631578947,13,15,0.8666666666666667,,,,0.30500006675720215,60.00999999046326,60.31500005722046,178,5539,1
suggestSimilar.js,,0.6908828641475244,DynaMOSA,,true,0.6842105263157895,19,32,0.59375,32,46,0.6956521739130435,4,6,0.6666666666666666,,,,0.5390000343322754,60.026000022888184,60.56500005722046,120,3733,1
