SUBJECT,CONFIGURATION,SEED,ALGORITHM,PROBE_ENABLED,CONSTANT_POOL_ENABLED,COVERAGE,COVERED_BRANCHES,TOTAL_BRANCHES,BRANCH_COVERAGE,COVERED_LINES,TOTAL_LINES,LINE_COVERAGE,COVERED_FUNCTIONS,TOTAL_FUNCTIONS,FUNCTION_COVERAGE,COVERED_PROBES,TOTAL_PROBES,PROBE_COVERAGE,INITIALIZATION_TIME,SEARCH_TIME,TOTAL_TIME,ITERATIONS,EVALUATIONS,VERSION
help.js,,0.13246801656051027,DynaMOSA,,true,0.5869565217391305,29,66,0.4393939393939394,63,119,0.5294117647058824,21,37,0.5675675675675675,,,,2.2180001735687256,60.07100009918213,62.289000272750854,41,1281,1
option.js,,0.13246801656051027,DynaMOSA,,true,0.7931034482758621,6,18,0.3333333333333333,45,57,0.7894736842105263,13,15,0.8666666666666667,,,,0.3600001335144043,60.01600003242493,60.37600016593933,165,5130,1
option.js,,0.13246801656051027,DynaMOSA,,true,0.9310344827586207,7,18,0.3888888888888889,45,57,0.7894736842105263,13,15,0.8666666666666667,,,,0.2980000972747803,60.00999999046326,60.30800008773804,218,6787,1
suggestSimilar.js,,0.13246801656051027,DynaMOSA,,true,0.8157894736842105,25,32,0.78125,39,46,0.8478260869565217,4,6,0.6666666666666666,,,,0.4960000514984131,60.01600003242493,60.51200008392334,140,4342,1
