SUBJECT,CONFIGURATION,SEED,ALGORITHM,PROBE_ENABLED,CONSTANT_POOL_ENABLED,COVERAGE,COVERED_BRANCHES,TOTAL_BRANCHES,BRANCH_COVERAGE,COVERED_LINES,TOTAL_LINES,LINE_COVERAGE,COVERED_FUNCTIONS,TOTAL_FUNCTIONS,FUNCTION_COVERAGE,COVERED_PROBES,TOTAL_PROBES,PROBE_COVERAGE,INITIALIZATION_TIME,SEARCH_TIME,TOTAL_TIME,ITERATIONS,EVALUATIONS,VERSION
help.js,,0.30203404418299734,DynaMOSA,,true,0.6739130434782609,38,66,0.5757575757575758,72,119,0.6050420168067226,20,37,0.5405405405405406,,,,3.1619999408721924,60.0479998588562,63.209999799728394,48,1509,1
option.js,,0.30203404418299734,DynaMOSA,,true,0.7931034482758621,6,18,0.3333333333333333,45,57,0.7894736842105263,13,15,0.8666666666666667,,,,0.35899996757507324,60.020999908447266,60.37999987602234,159,4941,1
option.js,,0.30203404418299734,DynaMOSA,,true,0.9310344827586207,7,18,0.3888888888888889,45,57,0.7894736842105263,13,15,0.8666666666666667,,,,0.28799986839294434,60.00999999046326,60.2979998588562,197,6123,1
suggestSimilar.js,,0.30203404418299734,DynaMOSA,,true,0.8157894736842105,24,32,0.75,38,46,0.8260869565217391,4,6,0.6666666666666666,,,,0.47500014305114746,60.02900004386902,60.504000186920166,141,4383,1
