SUBJECT,CONFIGURATION,SEED,ALGORITHM,PROBE_ENABLED,CONSTANT_POOL_ENABLED,COVERAGE,COVERED_BRANCHES,TOTAL_BRANCHES,BRANCH_COVERAGE,COVERED_LINES,TOTAL_LINES,LINE_COVERAGE,COVERED_FUNCTIONS,TOTAL_FUNCTIONS,FUNCTION_COVERAGE,COVERED_PROBES,TOTAL_PROBES,PROBE_COVERAGE,INITIALIZATION_TIME,SEARCH_TIME,TOTAL_TIME,ITERATIONS,EVALUATIONS,VERSION
help.js,,0.7676110748192613,DynaMOSA,,true,0.3804347826086957,13,66,0.19696969696969696,43,119,0.36134453781512604,19,37,0.5135135135135135,,,,2.2149999141693115,60.04099988937378,62.25599980354309,92,2855,1
option.js,,0.7676110748192613,DynaMOSA,,true,0.7931034482758621,7,18,0.3888888888888889,48,57,0.8421052631578947,13,15,0.8666666666666667,,,,0.4790000915527344,60.00699996948242,60.486000061035156,148,4618,1
option.js,,0.7676110748192613,DynaMOSA,,true,0.896551724137931,7,18,0.3888888888888889,48,57,0.8421052631578947,13,15,0.8666666666666667,,,,0.3410000801086426,60.00999999046326,60.3510000705719,186,5785,1
suggestSimilar.js,,0.7676110748192613,DynaMOSA,,true,0.5,15,32,0.46875,27,46,0.5869565217391305,3,6,0.5,,,,0.46199989318847656,60.01899981498718,60.48099970817566,139,4330,1
