SUBJECT,CONFIGURATION,SEED,ALGORITHM,PROBE_ENABLED,CONSTANT_POOL_ENABLED,COVERAGE,COVERED_BRANCHES,TOTAL_BRANCHES,BRANCH_COVERAGE,COVERED_LINES,TOTAL_LINES,LINE_COVERAGE,COVERED_FUNCTIONS,TOTAL_FUNCTIONS,FUNCTION_COVERAGE,COVERED_PROBES,TOTAL_PROBES,PROBE_COVERAGE,INITIALIZATION_TIME,SEARCH_TIME,TOTAL_TIME,ITERATIONS,EVALUATIONS,VERSION
help.js,,0.5804108795929975,DynaMOSA,,true,0.3804347826086957,13,66,0.19696969696969696,43,119,0.36134453781512604,19,37,0.5135135135135135,,,,2.234999895095825,60.02999997138977,62.264999866485596,97,3026,1
option.js,,0.5804108795929975,DynaMOSA,,true,0.7931034482758621,5,18,0.2777777777777778,47,57,0.8245614035087719,13,15,0.8666666666666667,,,,0.7170000076293945,60.01600003242493,60.73300004005432,159,4952,1
option.js,,0.5804108795929975,DynaMOSA,,true,0.896551724137931,5,18,0.2777777777777778,47,57,0.8245614035087719,13,15,0.8666666666666667,,,,0.2909998893737793,60.008999824523926,60.299999713897705,189,5865,1
suggestSimilar.js,,0.5804108795929975,DynaMOSA,,true,0.7105263157894737,21,32,0.65625,34,46,0.7391304347826086,3,6,0.5,,,,0.48600006103515625,60.026000022888184,60.51200008392334,141,4390,1
