SUBJECT,CONFIGURATION,SEED,ALGORITHM,PROBE_ENABLED,CONSTANT_POOL_ENABLED,COVERAGE,COVERED_BRANCHES,TOTAL_BRANCHES,BRANCH_COVERAGE,COVERED_LINES,TOTAL_LINES,LINE_COVERAGE,COVERED_FUNCTIONS,TOTAL_FUNCTIONS,FUNCTION_COVERAGE,COVERED_PROBES,TOTAL_PROBES,PROBE_COVERAGE,INITIALIZATION_TIME,SEARCH_TIME,TOTAL_TIME,ITERATIONS,EVALUATIONS,VERSION
help.js,,0.9945985641718452,DynaMOSA,,true,0.6086956521739131,30,66,0.45454545454545453,66,119,0.5546218487394958,19,37,0.5135135135135135,,,,2.1589999198913574,60.04299998283386,62.20199990272522,43,1348,1
option.js,,0.9945985641718452,DynaMOSA,,true,0.7931034482758621,6,18,0.3333333333333333,45,57,0.7894736842105263,13,15,0.8666666666666667,,,,0.34200000762939453,60.009000062942505,60.3510000705719,160,4987,1
option.js,,0.9945985641718452,DynaMOSA,,true,0.9310344827586207,7,18,0.3888888888888889,45,57,0.7894736842105263,13,15,0.8666666666666667,,,,0.3080000877380371,60.009000062942505,60.31700015068054,208,6455,1
suggestSimilar.js,,0.9945985641718452,DynaMOSA,,true,0.5526315789473685,16,32,0.5,29,46,0.6304347826086957,4,6,0.6666666666666666,,,,0.5870001316070557,60.01099991798401,60.598000049591064,127,3953,1
