SUBJECT,CONFIGURATION,SEED,ALGORITHM,PROBE_ENABLED,CONSTANT_POOL_ENABLED,COVERAGE,COVERED_BRANCHES,TOTAL_BRANCHES,BRANCH_COVERAGE,COVERED_LINES,TOTAL_LINES,LINE_COVERAGE,COVERED_FUNCTIONS,TOTAL_FUNCTIONS,FUNCTION_COVERAGE,COVERED_PROBES,TOTAL_PROBES,PROBE_COVERAGE,INITIALIZATION_TIME,SEARCH_TIME,TOTAL_TIME,ITERATIONS,EVALUATIONS,VERSION
help.js,,0.5965266236076201,DynaMOSA,,true,0.6739130434782609,39,66,0.5909090909090909,78,119,0.6554621848739496,20,37,0.5405405405405406,,,,3.1430001258850098,60.72699999809265,63.87000012397766,46,1425,1
option.js,,0.5965266236076201,DynaMOSA,,true,0.7931034482758621,6,18,0.3333333333333333,45,57,0.7894736842105263,13,15,0.8666666666666667,,,,0.3529999256134033,60.01200008392334,60.36500000953674,157,4887,1
option.js,,0.5965266236076201,DynaMOSA,,true,0.9310344827586207,7,18,0.3888888888888889,45,57,0.7894736842105263,13,15,0.8666666666666667,,,,0.3149998188018799,60.00600004196167,60.32099986076355,198,6154,1
suggestSimilar.js,,0.5965266236076201,DynaMOSA,,true,0.8157894736842105,25,32,0.78125,39,46,0.8478260869565217,4,6,0.6666666666666666,,,,0.5420000553131104,60.013999938964844,60.555999994277954,144,4493,1
