SUBJECT,CONFIGURATION,SEED,ALGORITHM,PROBE_ENABLED,CONSTANT_POOL_ENABLED,COVERAGE,COVERED_BRANCHES,TOTAL_BRANCHES,BRANCH_COVERAGE,COVERED_LINES,TOTAL_LINES,LINE_COVERAGE,COVERED_FUNCTIONS,TOTAL_FUNCTIONS,FUNCTION_COVERAGE,COVERED_PROBES,TOTAL_PROBES,PROBE_COVERAGE,INITIALIZATION_TIME,SEARCH_TIME,TOTAL_TIME,ITERATIONS,EVALUATIONS,VERSION
help.js,,0.7419776809462644,DynaMOSA,,true,0.6630434782608695,33,66,0.5,67,119,0.5630252100840336,21,37,0.5675675675675675,,,,3.136000156402588,60.04800009727478,63.18400025367737,66,2065,1
option.js,,0.7419776809462644,DynaMOSA,,true,0.7931034482758621,7,18,0.3888888888888889,45,57,0.7894736842105263,13,15,0.8666666666666667,,,,0.377000093460083,60.01300001144409,60.390000104904175,153,4754,1
option.js,,0.7419776809462644,DynaMOSA,,true,0.9310344827586207,7,18,0.3888888888888889,45,57,0.7894736842105263,13,15,0.8666666666666667,,,,0.3000001907348633,60.01099991798401,60.31100010871887,189,5872,1
suggestSimilar.js,,0.7419776809462644,DynaMOSA,,true,0.8157894736842105,25,32,0.78125,39,46,0.8478260869565217,4,6,0.6666666666666666,,,,0.5450000762939453,60.01300001144409,60.55800008773804,137,4260,1
