SUBJECT,CONFIGURATION,SEED,ALGORITHM,PROBE_ENABLED,CONSTANT_POOL_ENABLED,COVERAGE,COVERED_BRANCHES,TOTAL_BRANCHES,BRANCH_COVERAGE,COVERED_LINES,TOTAL_LINES,LINE_COVERAGE,COVERED_FUNCTIONS,TOTAL_FUNCTIONS,FUNCTION_COVERAGE,COVERED_PROBES,TOTAL_PROBES,PROBE_COVERAGE,INITIALIZATION_TIME,SEARCH_TIME,TOTAL_TIME,ITERATIONS,EVALUATIONS,VERSION
help.js,,0.9676890349315428,DynaMOSA,,true,0.6739130434782609,34,66,0.5151515151515151,72,119,0.6050420168067226,20,37,0.5405405405405406,,,,3.2100000381469727,60.03500008583069,63.24500012397766,67,2101,1
option.js,,0.9676890349315428,DynaMOSA,,true,0.7931034482758621,6,18,0.3333333333333333,45,57,0.7894736842105263,13,15,0.8666666666666667,,,,0.687000036239624,60.00999999046326,60.69700002670288,151,4698,1
option.js,,0.9676890349315428,DynaMOSA,,true,0.9310344827586207,7,18,0.3888888888888889,45,57,0.7894736842105263,13,15,0.8666666666666667,,,,0.28299999237060547,60.008999824523926,60.29199981689453,191,5938,1
suggestSimilar.js,,0.9676890349315428,DynaMOSA,,true,0.8157894736842105,23,32,0.71875,37,46,0.8043478260869565,4,6,0.6666666666666666,,,,0.5269999504089355,60.014999866485596,60.54199981689453,135,4208,1
