SUBJECT,CONFIGURATION,SEED,ALGORITHM,PROBE_ENABLED,CONSTANT_POOL_ENABLED,COVERAGE,COVERED_BRANCHES,TOTAL_BRANCHES,BRANCH_COVERAGE,COVERED_LINES,TOTAL_LINES,LINE_COVERAGE,COVERED_FUNCTIONS,TOTAL_FUNCTIONS,FUNCTION_COVERAGE,COVERED_PROBES,TOTAL_PROBES,PROBE_COVERAGE,INITIALIZATION_TIME,SEARCH_TIME,TOTAL_TIME,ITERATIONS,EVALUATIONS,VERSION
help.js,,0.18576414164958788,DynaMOSA,,true,0.6521739130434783,35,66,0.5303030303030303,67,119,0.5630252100840336,19,37,0.5135135135135135,,,,3.5340001583099365,60.06499981880188,63.598999977111816,66,2064,1
option.js,,0.18576414164958788,DynaMOSA,,true,0.7931034482758621,6,18,0.3333333333333333,45,57,0.7894736842105263,13,15,0.8666666666666667,,,,0.38699984550476074,60.0220000743866,60.40899991989136,146,4551,1
option.js,,0.18576414164958788,DynaMOSA,,true,0.9310344827586207,7,18,0.3888888888888889,45,57,0.7894736842105263,13,15,0.8666666666666667,,,,0.3190000057220459,60.00800013542175,60.3270001411438,184,5713,1
suggestSimilar.js,,0.18576414164958788,DynaMOSA,,true,0.8157894736842105,23,32,0.71875,37,46,0.8043478260869565,4,6,0.6666666666666666,,,,0.4630000591278076,60.026000022888184,60.48900008201599,140,4356,1
