SUBJECT,CONFIGURATION,SEED,ALGORITHM,PROBE_ENABLED,CONSTANT_POOL_ENABLED,COVERAGE,COVERED_BRANCHES,TOTAL_BRANCHES,BRANCH_COVERAGE,COVERED_LINES,TOTAL_LINES,LINE_COVERAGE,COVERED_FUNCTIONS,TOTAL_FUNCTIONS,FUNCTION_COVERAGE,COVERED_PROBES,TOTAL_PROBES,PROBE_COVERAGE,INITIALIZATION_TIME,SEARCH_TIME,TOTAL_TIME,ITERATIONS,EVALUATIONS,VERSION
help.js,,0.43111856461640696,DynaMOSA,,true,0.3804347826086957,14,66,0.21212121212121213,43,119,0.36134453781512604,19,37,0.5135135135135135,,,,2.1009998321533203,60.03399991989136,62.13499975204468,99,3074,1
option.js,,0.43111856461640696,DynaMOSA,,true,0.7931034482758621,7,18,0.3888888888888889,48,57,0.8421052631578947,13,15,0.8666666666666667,,,,0.45399999618530273,60.00999999046326,60.46399998664856,160,4965,1
option.js,,0.43111856461640696,DynaMOSA,,true,0.896551724137931,7,18,0.3888888888888889,48,57,0.8421052631578947,13,15,0.8666666666666667,,,,0.2820000648498535,60.00499987602234,60.28699994087219,196,6104,1
suggestSimilar.js,,0.43111856461640696,DynaMOSA,,true,0.7105263157894737,23,32,0.71875,36,46,0.782608695652174,3,6,0.5,,,,0.500999927520752,60.013999938964844,60.514999866485596,149,4630,1
