SUBJECT,CONFIGURATION,SEED,ALGORITHM,PROBE_ENABLED,CONSTANT_POOL_ENABLED,COVERAGE,COVERED_BRANCHES,TOTAL_BRANCHES,BRANCH_COVERAGE,COVERED_LINES,TOTAL_LINES,LINE_COVERAGE,COVERED_FUNCTIONS,TOTAL_FUNCTIONS,FUNCTION_COVERAGE,COVERED_PROBES,TOTAL_PROBES,PROBE_COVERAGE,INITIALIZATION_TIME,SEARCH_TIME,TOTAL_TIME,ITERATIONS,EVALUATIONS,VERSION
help.js,,0.03547336783861036,DynaMOSA,,true,0.3804347826086957,14,66,0.21212121212121213,43,119,0.36134453781512604,19,37,0.5135135135135135,,,,2.125999927520752,60.03200006484985,62.157999992370605,98,3046,1
option.js,,0.03547336783861036,DynaMOSA,,true,0.7931034482758621,7,18,0.3888888888888889,48,57,0.8421052631578947,13,15,0.8666666666666667,,,,0.44700002670288086,60.13599991798401,60.58299994468689,159,4957,1
option.js,,0.03547336783861036,DynaMOSA,,true,0.896551724137931,7,18,0.3888888888888889,48,57,0.8421052631578947,13,15,0.8666666666666667,,,,0.6889998912811279,60.00999999046326,60.698999881744385,198,6144,1
suggestSimilar.js,,0.03547336783861036,DynaMOSA,,true,0.7105263157894737,22,32,0.6875,35,46,0.7608695652173914,3,6,0.5,,,,0.4930000305175781,60.020999908447266,60.513999938964844,142,4402,1
