SUBJECT,CONFIGURATION,SEED,ALGORITHM,PROBE_ENABLED,CONSTANT_POOL_ENABLED,COVERAGE,COVERED_BRANCHES,TOTAL_BRANCHES,BRANCH_COVERAGE,COVERED_LINES,TOTAL_LINES,LINE_COVERAGE,COVERED_FUNCTIONS,TOTAL_FUNCTIONS,FUNCTION_COVERAGE,COVERED_PROBES,TOTAL_PROBES,PROBE_COVERAGE,INITIALIZATION_TIME,SEARCH_TIME,TOTAL_TIME,ITERATIONS,EVALUATIONS,VERSION
help.js,,0.19228503820039047,DynaMOSA,,true,0.5869565217391305,29,66,0.4393939393939394,63,119,0.5294117647058824,20,37,0.5405405405405406,,,,2.2799999713897705,60.585999965667725,62.865999937057495,42,1315,1
option.js,,0.19228503820039047,DynaMOSA,,true,0.7931034482758621,6,18,0.3333333333333333,45,57,0.7894736842105263,13,15,0.8666666666666667,,,,0.36100006103515625,60.00999999046326,60.37100005149841,163,5063,1
option.js,,0.19228503820039047,DynaMOSA,,true,0.9310344827586207,7,18,0.3888888888888889,45,57,0.7894736842105263,13,15,0.8666666666666667,,,,0.2929999828338623,60.00499987602234,60.2979998588562,219,6819,1
suggestSimilar.js,,0.19228503820039047,DynaMOSA,,true,0.6052631578947368,17,32,0.53125,30,46,0.6521739130434783,4,6,0.6666666666666666,,,,0.5019998550415039,60.01599979400635,60.51799964904785,133,4132,1
