SUBJECT,CONFIGURATION,SEED,ALGORITHM,PROBE_ENABLED,CONSTANT_POOL_ENABLED,COVERAGE,COVERED_BRANCHES,TOTAL_BRANCHES,BRANCH_COVERAGE,COVERED_LINES,TOTAL_LINES,LINE_COVERAGE,COVERED_FUNCTIONS,TOTAL_FUNCTIONS,FUNCTION_COVERAGE,COVERED_PROBES,TOTAL_PROBES,PROBE_COVERAGE,INITIALIZATION_TIME,SEARCH_TIME,TOTAL_TIME,ITERATIONS,EVALUATIONS,VERSION
help.js,,0.24746340550165838,DynaMOSA,,true,0.6521739130434783,35,66,0.5303030303030303,69,119,0.5798319327731093,21,37,0.5675675675675675,,,,3.32099986076355,60.04800009727478,63.36899995803833,61,1914,1
option.js,,0.24746340550165838,DynaMOSA,,true,0.7931034482758621,6,18,0.3333333333333333,45,57,0.7894736842105263,13,15,0.8666666666666667,,,,0.3970000743865967,60.0239999294281,60.4210000038147,151,4700,1
option.js,,0.24746340550165838,DynaMOSA,,true,0.9310344827586207,7,18,0.3888888888888889,45,57,0.7894736842105263,13,15,0.8666666666666667,,,,0.2869999408721924,60.01100015640259,60.29800009727478,197,6116,1
suggestSimilar.js,,0.24746340550165838,DynaMOSA,,true,0.8157894736842105,23,32,0.71875,37,46,0.8043478260869565,4,6,0.6666666666666666,,,,0.5160000324249268,60.02199983596802,60.537999868392944,139,4323,1
