SUBJECT,CONFIGURATION,SEED,ALGORITHM,PROBE_ENABLED,CONSTANT_POOL_ENABLED,COVERAGE,COVERED_BRANCHES,TOTAL_BRANCHES,BRANCH_COVERAGE,COVERED_LINES,TOTAL_LINES,LINE_COVERAGE,COVERED_FUNCTIONS,TOTAL_FUNCTIONS,FUNCTION_COVERAGE,COVERED_PROBES,TOTAL_PROBES,PROBE_COVERAGE,INITIALIZATION_TIME,SEARCH_TIME,TOTAL_TIME,ITERATIONS,EVALUATIONS,VERSION
help.js,,0.9283254455523346,DynaMOSA,,true,0.6413043478260869,34,66,0.5151515151515151,69,119,0.5798319327731093,19,37,0.5135135135135135,,,,3.1069998741149902,60.044999837875366,63.151999711990356,49,1538,1
option.js,,0.9283254455523346,DynaMOSA,,true,0.7931034482758621,6,18,0.3333333333333333,45,57,0.7894736842105263,13,15,0.8666666666666667,,,,0.3340001106262207,60.01799988746643,60.35199999809265,168,5208,1
option.js,,0.9283254455523346,DynaMOSA,,true,0.9310344827586207,7,18,0.3888888888888889,45,57,0.7894736842105263,13,15,0.8666666666666667,,,,0.29799985885620117,60.009000062942505,60.306999921798706,212,6588,1
suggestSimilar.js,,0.9283254455523346,DynaMOSA,,true,0.8157894736842105,24,32,0.75,38,46,0.8260869565217391,4,6,0.6666666666666666,,,,0.4479999542236328,60.02800011634827,60.4760000705719,150,4672,1
