SUBJECT,CONFIGURATION,SEED,ALGORITHM,PROBE_ENABLED,CONSTANT_POOL_ENABLED,COVERAGE,COVERED_BRANCHES,TOTAL_BRANCHES,BRANCH_COVERAGE,COVERED_LINES,TOTAL_LINES,LINE_COVERAGE,COVERED_FUNCTIONS,TOTAL_FUNCTIONS,FUNCTION_COVERAGE,COVERED_PROBES,TOTAL_PROBES,PROBE_COVERAGE,INITIALIZATION_TIME,SEARCH_TIME,TOTAL_TIME,ITERATIONS,EVALUATIONS,VERSION
help.js,,0.15913738792319324,DynaMOSA,,true,0.6086956521739131,30,66,0.45454545454545453,62,119,0.5210084033613446,21,37,0.5675675675675675,,,,2.2820000648498535,60.04199981689453,62.323999881744385,106,3291,1
option.js,,0.15913738792319324,DynaMOSA,,true,0.7586206896551724,5,18,0.2777777777777778,47,57,0.8245614035087719,13,15,0.8666666666666667,,,,0.45999979972839355,60.013999938964844,60.47399973869324,144,4492,1
option.js,,0.15913738792319324,DynaMOSA,,true,0.896551724137931,6,18,0.3333333333333333,47,57,0.8245614035087719,13,15,0.8666666666666667,,,,0.2999999523162842,60.00499987602234,60.30499982833862,187,5815,1
suggestSimilar.js,,0.15913738792319324,DynaMOSA,,true,0.8157894736842105,22,32,0.6875,37,46,0.8043478260869565,4,6,0.6666666666666666,,,,0.5090000629425049,60.01799988746643,60.526999950408936,126,3918,1
