SUBJECT,CONFIGURATION,SEED,ALGORITHM,PROBE_ENABLED,CONSTANT_POOL_ENABLED,COVERAGE,COVERED_BRANCHES,TOTAL_BRANCHES,BRANCH_COVERAGE,COVERED_LINES,TOTAL_LINES,LINE_COVERAGE,COVERED_FUNCTIONS,TOTAL_FUNCTIONS,FUNCTION_COVERAGE,COVERED_PROBES,TOTAL_PROBES,PROBE_COVERAGE,INITIALIZATION_TIME,SEARCH_TIME,TOTAL_TIME,ITERATIONS,EVALUATIONS,VERSION
help.js,,0.46389292723732184,DynaMOSA,,true,0.5869565217391305,28,66,0.42424242424242425,60,119,0.5042016806722689,20,37,0.5405405405405406,,,,2.311000108718872,60.02800011634827,62.33900022506714,99,3091,1
option.js,,0.46389292723732184,DynaMOSA,,true,0.7586206896551724,5,18,0.2777777777777778,47,57,0.8245614035087719,13,15,0.8666666666666667,,,,0.4940001964569092,60.01599979400635,60.50999999046326,138,4283,1
option.js,,0.46389292723732184,DynaMOSA,,true,0.896551724137931,6,18,0.3333333333333333,47,57,0.8245614035087719,13,15,0.8666666666666667,,,,0.3380000591278076,60.00399994850159,60.342000007629395,179,5552,1
suggestSimilar.js,,0.46389292723732184,DynaMOSA,,true,0.8157894736842105,23,32,0.71875,37,46,0.8043478260869565,4,6,0.6666666666666666,,,,0.5360000133514404,60.01800012588501,60.55400013923645,121,3754,1
