SUBJECT,CONFIGURATION,SEED,ALGORITHM,PROBE_ENABLED,CONSTANT_POOL_ENABLED,COVERAGE,COVERED_BRANCHES,TOTAL_BRANCHES,BRANCH_COVERAGE,COVERED_LINES,TOTAL_LINES,LINE_COVERAGE,COVERED_FUNCTIONS,TOTAL_FUNCTIONS,FUNCTION_COVERAGE,COVERED_PROBES,TOTAL_PROBES,PROBE_COVERAGE,INITIALIZATION_TIME,SEARCH_TIME,TOTAL_TIME,ITERATIONS,EVALUATIONS,VERSION
help.js,,0.4883705756053672,DynaMOSA,,true,0.6304347826086957,34,66,0.5151515151515151,69,119,0.5798319327731093,20,37,0.5405405405405406,,,,3.2260000705718994,60.04299998283386,63.26900005340576,47,1478,1
option.js,,0.4883705756053672,DynaMOSA,,true,0.7931034482758621,6,18,0.3333333333333333,45,57,0.7894736842105263,13,15,0.8666666666666667,,,,0.34800004959106445,60.01100015640259,60.35900020599365,165,5139,1
option.js,,0.4883705756053672,DynaMOSA,,true,0.9310344827586207,7,18,0.3888888888888889,45,57,0.7894736842105263,13,15,0.8666666666666667,,,,0.2799999713897705,60.00999999046326,60.28999996185303,211,6550,1
suggestSimilar.js,,0.4883705756053672,DynaMOSA,,true,0.8157894736842105,23,32,0.71875,37,46,0.8043478260869565,4,6,0.6666666666666666,,,,0.4849998950958252,60.02300000190735,60.507999897003174,149,4643,1
