SUBJECT,CONFIGURATION,SEED,ALGORITHM,PROBE_ENABLED,CONSTANT_POOL_ENABLED,COVERAGE,COVERED_BRANCHES,TOTAL_BRANCHES,BRANCH_COVERAGE,COVERED_LINES,TOTAL_LINES,LINE_COVERAGE,COVERED_FUNCTIONS,TOTAL_FUNCTIONS,FUNCTION_COVERAGE,COVERED_PROBES,TOTAL_PROBES,PROBE_COVERAGE,INITIALIZATION_TIME,SEARCH_TIME,TOTAL_TIME,ITERATIONS,EVALUATIONS,VERSION
help.js,,0.8796771189594033,DynaMOSA,,true,0.7065217391304348,41,66,0.6212121212121212,79,119,0.6638655462184874,23,37,0.6216216216216216,,,,3.1600000858306885,60.05400013923645,63.21400022506714,66,2055,1
option.js,,0.8796771189594033,DynaMOSA,,true,0.7931034482758621,6,18,0.3333333333333333,45,57,0.7894736842105263,13,15,0.8666666666666667,,,,0.37600016593933105,60.01900005340576,60.39500021934509,158,4904,1
option.js,,0.8796771189594033,DynaMOSA,,true,0.9310344827586207,7,18,0.3888888888888889,45,57,0.7894736842105263,13,15,0.8666666666666667,,,,0.2869999408721924,60.003000020980835,60.28999996185303,202,6270,1
suggestSimilar.js,,0.8796771189594033,DynaMOSA,,true,0.8157894736842105,24,32,0.75,38,46,0.8260869565217391,4,6,0.6666666666666666,,,,0.46399998664855957,60.0220000743866,60.486000061035156,145,4499,1
