SUBJECT,CONFIGURATION,SEED,ALGORITHM,PROBE_ENABLED,CONSTANT_POOL_ENABLED,COVERAGE,COVERED_BRANCHES,TOTAL_BRANCHES,BRANCH_COVERAGE,COVERED_LINES,TOTAL_LINES,LINE_COVERAGE,COVERED_FUNCTIONS,TOTAL_FUNCTIONS,FUNCTION_COVERAGE,COVERED_PROBES,TOTAL_PROBES,PROBE_COVERAGE,INITIALIZATION_TIME,SEARCH_TIME,TOTAL_TIME,ITERATIONS,EVALUATIONS,VERSION
help.js,,0.9440034814866438,DynaMOSA,,true,0.5760869565217391,26,66,0.3939393939393939,59,119,0.4957983193277311,20,37,0.5405405405405406,,,,2.376000165939331,60.03999996185303,62.41600012779236,46,1446,1
option.js,,0.9440034814866438,DynaMOSA,,true,0.7931034482758621,6,18,0.3333333333333333,45,57,0.7894736842105263,13,15,0.8666666666666667,,,,0.36699986457824707,60.02000021934509,60.38700008392334,155,4819,1
option.js,,0.9440034814866438,DynaMOSA,,true,0.9310344827586207,7,18,0.3888888888888889,45,57,0.7894736842105263,13,15,0.8666666666666667,,,,0.33099985122680664,60.01199984550476,60.34299969673157,204,6349,1
suggestSimilar.js,,0.9440034814866438,DynaMOSA,,true,0.7631578947368421,23,32,0.71875,37,46,0.8043478260869565,4,6,0.6666666666666666,,,,0.562000036239624,60.01599979400635,60.57799983024597,126,3934,1
