SUBJECT,CONFIGURATION,SEED,ALGORITHM,PROBE_ENABLED,CONSTANT_POOL_ENABLED,COVERAGE,COVERED_BRANCHES,TOTAL_BRANCHES,BRANCH_COVERAGE,COVERED_LINES,TOTAL_LINES,LINE_COVERAGE,COVERED_FUNCTIONS,TOTAL_FUNCTIONS,FUNCTION_COVERAGE,COVERED_PROBES,TOTAL_PROBES,PROBE_COVERAGE,INITIALIZATION_TIME,SEARCH_TIME,TOTAL_TIME,ITERATIONS,EVALUATIONS,VERSION
help.js,,0.5900648530564875,DynaMOSA,,true,0.3695652173913043,12,66,0.18181818181818182,43,119,0.36134453781512604,19,37,0.5135135135135135,,,,2.180999994277954,60.03200006484985,62.21300005912781,95,2954,1
option.js,,0.5900648530564875,DynaMOSA,,true,0.7931034482758621,7,18,0.3888888888888889,48,57,0.8421052631578947,13,15,0.8666666666666667,,,,0.4739999771118164,60.015000104904175,60.48900008201599,155,4810,1
option.js,,0.5900648530564875,DynaMOSA,,true,0.896551724137931,7,18,0.3888888888888889,48,57,0.8421052631578947,13,15,0.8666666666666667,,,,0.31400012969970703,60.007999897003174,60.32200002670288,187,5822,1
suggestSimilar.js,,0.5900648530564875,DynaMOSA,,true,0.7105263157894737,22,32,0.6875,35,46,0.7608695652173914,3,6,0.5,,,,0.44700002670288086,60.0220000743866,60.46900010108948,143,4453,1
