SUBJECT,CONFIGURATION,SEED,ALGORITHM,PROBE_ENABLED,CONSTANT_POOL_ENABLED,COVERAGE,COVERED_BRANCHES,TOTAL_BRANCHES,BRANCH_COVERAGE,COVERED_LINES,TOTAL_LINES,LINE_COVERAGE,COVERED_FUNCTIONS,TOTAL_FUNCTIONS,FUNCTION_COVERAGE,COVERED_PROBES,TOTAL_PROBES,PROBE_COVERAGE,INITIALIZATION_TIME,SEARCH_TIME,TOTAL_TIME,ITERATIONS,EVALUATIONS,VERSION
help.js,,0.16825663743014863,DynaMOSA,,true,0.6304347826086957,32,66,0.48484848484848486,63,119,0.5294117647058824,18,37,0.4864864864864865,,,,2.316999912261963,60.05200004577637,62.36899995803833,43,1352,1
option.js,,0.16825663743014863,DynaMOSA,,true,0.7931034482758621,6,18,0.3333333333333333,45,57,0.7894736842105263,13,15,0.8666666666666667,,,,0.35199999809265137,60.01300001144409,60.36500000953674,163,5076,1
option.js,,0.16825663743014863,DynaMOSA,,true,0.9310344827586207,7,18,0.3888888888888889,45,57,0.7894736842105263,13,15,0.8666666666666667,,,,0.2969999313354492,60.00699996948242,60.30399990081787,206,6412,1
suggestSimilar.js,,0.16825663743014863,DynaMOSA,,true,0.8157894736842105,24,32,0.75,38,46,0.8260869565217391,4,6,0.6666666666666666,,,,0.4939999580383301,60.01300001144409,60.50699996948242,131,4081,1
