SUBJECT,CONFIGURATION,SEED,ALGORITHM,PROBE_ENABLED,CONSTANT_POOL_ENABLED,COVERAGE,COVERED_BRANCHES,TOTAL_BRANCHES,BRANCH_COVERAGE,COVERED_LINES,TOTAL_LINES,LINE_COVERAGE,COVERED_FUNCTIONS,TOTAL_FUNCTIONS,FUNCTION_COVERAGE,COVERED_PROBES,TOTAL_PROBES,PROBE_COVERAGE,INITIALIZATION_TIME,SEARCH_TIME,TOTAL_TIME,ITERATIONS,EVALUATIONS,VERSION
help.js,,0.7885509196004847,DynaMOSA,,true,0.6630434782608695,35,66,0.5303030303030303,69,119,0.5798319327731093,23,37,0.6216216216216216,,,,3.2750000953674316,60.12299990653992,63.39800000190735,65,2014,1
option.js,,0.7885509196004847,DynaMOSA,,true,0.7931034482758621,6,18,0.3333333333333333,45,57,0.7894736842105263,13,15,0.8666666666666667,,,,0.4100000858306885,60.01799988746643,60.42799997329712,149,4630,1
option.js,,0.7885509196004847,DynaMOSA,,true,0.9310344827586207,7,18,0.3888888888888889,45,57,0.7894736842105263,13,15,0.8666666666666667,,,,0.28600001335144043,60.008999824523926,60.294999837875366,190,5911,1
suggestSimilar.js,,0.7885509196004847,DynaMOSA,,true,0.8157894736842105,23,32,0.71875,37,46,0.8043478260869565,4,6,0.6666666666666666,,,,0.5079998970031738,60.02499985694885,60.532999753952026,135,4199,1
