SUBJECT,CONFIGURATION,SEED,ALGORITHM,PROBE_ENABLED,CONSTANT_POOL_ENABLED,COVERAGE,COVERED_BRANCHES,TOTAL_BRANCHES,BRANCH_COVERAGE,COVERED_LINES,TOTAL_LINES,LINE_COVERAGE,COVERED_FUNCTIONS,TOTAL_FUNCTIONS,FUNCTION_COVERAGE,COVERED_PROBES,TOTAL_PROBES,PROBE_COVERAGE,INITIALIZATION_TIME,SEARCH_TIME,TOTAL_TIME,ITERATIONS,EVALUATIONS,VERSION
help.js,,0.257716888100362,DynaMOSA,,true,0.6304347826086957,30,66,0.45454545454545453,62,119,0.5210084033613446,21,37,0.5675675675675675,,,,2.4140000343322754,60.26600003242493,62.6800000667572,49,1518,1
option.js,,0.257716888100362,DynaMOSA,,true,0.7931034482758621,6,18,0.3333333333333333,45,57,0.7894736842105263,13,15,0.8666666666666667,,,,0.35700011253356934,60.01600003242493,60.373000144958496,153,4752,1
option.js,,0.257716888100362,DynaMOSA,,true,0.9310344827586207,7,18,0.3888888888888889,45,57,0.7894736842105263,13,15,0.8666666666666667,,,,0.33299994468688965,60.007999897003174,60.34099984169006,197,6132,1
suggestSimilar.js,,0.257716888100362,DynaMOSA,,true,0.8157894736842105,24,32,0.75,38,46,0.8260869565217391,4,6,0.6666666666666666,,,,0.5380001068115234,60.02500009536743,60.563000202178955,127,3964,1
