SUBJECT,CONFIGURATION,SEED,ALGORITHM,PROBE_ENABLED,CONSTANT_POOL_ENABLED,COVERAGE,COVERED_BRANCHES,TOTAL_BRANCHES,BRANCH_COVERAGE,COVERED_LINES,TOTAL_LINES,LINE_COVERAGE,COVERED_FUNCTIONS,TOTAL_FUNCTIONS,FUNCTION_COVERAGE,COVERED_PROBES,TOTAL_PROBES,PROBE_COVERAGE,INITIALIZATION_TIME,SEARCH_TIME,TOTAL_TIME,ITERATIONS,EVALUATIONS,VERSION
help.js,,0.6103193467817359,DynaMOSA,,true,0.6630434782608695,36,66,0.5454545454545454,68,119,0.5714285714285714,20,37,0.5405405405405406,,,,3.2190001010894775,60.062999963760376,63.28200006484985,67,2086,1
option.js,,0.6103193467817359,DynaMOSA,,true,0.7931034482758621,7,18,0.3888888888888889,45,57,0.7894736842105263,13,15,0.8666666666666667,,,,0.38499999046325684,60.00800013542175,60.39300012588501,151,4692,1
option.js,,0.6103193467817359,DynaMOSA,,true,0.9310344827586207,8,18,0.4444444444444444,45,57,0.7894736842105263,13,15,0.8666666666666667,,,,0.28600001335144043,60.00499987602234,60.29099988937378,187,5810,1
suggestSimilar.js,,0.6103193467817359,DynaMOSA,,true,0.8157894736842105,24,32,0.75,38,46,0.8260869565217391,4,6,0.6666666666666666,,,,0.4550001621246338,60.0220000743866,60.47700023651123,141,4397,1
