SUBJECT,CONFIGURATION,SEED,ALGORITHM,PROBE_ENABLED,CONSTANT_POOL_ENABLED,COVERAGE,COVERED_BRANCHES,TOTAL_BRANCHES,BRANCH_COVERAGE,COVERED_LINES,TOTAL_LINES,LINE_COVERAGE,COVERED_FUNCTIONS,TOTAL_FUNCTIONS,FUNCTION_COVERAGE,COVERED_PROBES,TOTAL_PROBES,PROBE_COVERAGE,INITIALIZATION_TIME,SEARCH_TIME,TOTAL_TIME,ITERATIONS,EVALUATIONS,VERSION
help.js,,0.9965911166558218,DynaMOSA,,true,0.5652173913043478,26,66,0.3939393939393939,59,119,0.4957983193277311,21,37,0.5675675675675675,,,,2.2660000324249268,60.02300000190735,62.289000034332275,101,3161,1
option.js,,0.9965911166558218,DynaMOSA,,true,0.7931034482758621,6,18,0.3333333333333333,48,57,0.8421052631578947,13,15,0.8666666666666667,,,,0.46200013160705566,60.01900005340576,60.48100018501282,145,4513,1
option.js,,0.9965911166558218,DynaMOSA,,true,0.9310344827586207,7,18,0.3888888888888889,48,57,0.8421052631578947,13,15,0.8666666666666667,,,,0.30900001525878906,60.01200008392334,60.32100009918213,187,5825,1
suggestSimilar.js,,0.9965911166558218,DynaMOSA,,true,0.6052631578947368,16,32,0.5,30,46,0.6521739130434783,4,6,0.6666666666666666,,,,0.5320000648498535,60.01699995994568,60.54900002479553,123,3814,1
