SUBJECT,CONFIGURATION,SEED,ALGORITHM,PROBE_ENABLED,CONSTANT_POOL_ENABLED,COVERAGE,COVERED_BRANCHES,TOTAL_BRANCHES,BRANCH_COVERAGE,COVERED_LINES,TOTAL_LINES,LINE_COVERAGE,COVERED_FUNCTIONS,TOTAL_FUNCTIONS,FUNCTION_COVERAGE,COVERED_PROBES,TOTAL_PROBES,PROBE_COVERAGE,INITIALIZATION_TIME,SEARCH_TIME,TOTAL_TIME,ITERATIONS,EVALUATIONS,VERSION
help.js,,0.8725294650650265,DynaMOSA,,true,0.6847826086956522,36,66,0.5454545454545454,75,119,0.6302521008403361,20,37,0.5405405405405406,,,,3.314000129699707,60.06700015068054,63.38100028038025,51,1580,1
option.js,,0.8725294650650265,DynaMOSA,,true,0.7931034482758621,6,18,0.3333333333333333,45,57,0.7894736842105263,13,15,0.8666666666666667,,,,0.36499977111816406,60.01300001144409,60.377999782562256,162,5040,1
option.js,,0.8725294650650265,DynaMOSA,,true,0.9310344827586207,7,18,0.3888888888888889,45,57,0.7894736842105263,13,15,0.8666666666666667,,,,0.2990000247955322,60.00600004196167,60.3050000667572,197,6131,1
suggestSimilar.js,,0.8725294650650265,DynaMOSA,,true,0.8157894736842105,23,32,0.71875,37,46,0.8043478260869565,4,6,0.6666666666666666,,,,0.5439999103546143,60.02199983596802,60.56599974632263,143,4438,1
