SUBJECT,CONFIGURATION,SEED,ALGORITHM,PROBE_ENABLED,CONSTANT_POOL_ENABLED,COVERAGE,COVERED_BRANCHES,TOTAL_BRANCHES,BRANCH_COVERAGE,COVERED_LINES,TOTAL_LINES,LINE_COVERAGE,COVERED_FUNCTIONS,TOTAL_FUNCTIONS,FUNCTION_COVERAGE,COVERED_PROBES,TOTAL_PROBES,PROBE_COVERAGE,INITIALIZATION_TIME,SEARCH_TIME,TOTAL_TIME,ITERATIONS,EVALUATIONS,VERSION
help.js,,0.5994197783224435,DynaMOSA,,true,0.3804347826086957,13,66,0.19696969696969696,43,119,0.36134453781512604,19,37,0.5135135135135135,,,,2.317999839782715,60.02300000190735,62.34099984169006,94,2932,1
option.js,,0.5994197783224435,DynaMOSA,,true,0.7931034482758621,6,18,0.3333333333333333,48,57,0.8421052631578947,13,15,0.8666666666666667,,,,0.4799997806549072,60.01699995994568,60.496999740600586,150,4674,1
option.js,,0.5994197783224435,DynaMOSA,,true,0.896551724137931,6,18,0.3333333333333333,48,57,0.8421052631578947,13,15,0.8666666666666667,,,,0.31400012969970703,60.00500011444092,60.319000244140625,187,5819,1
suggestSimilar.js,,0.5994197783224435,DynaMOSA,,true,0.7105263157894737,23,32,0.71875,36,46,0.782608695652174,3,6,0.5,,,,0.47099995613098145,60.01200008392334,60.48300004005432,144,4466,1
