SUBJECT,CONFIGURATION,SEED,ALGORITHM,PROBE_ENABLED,CONSTANT_POOL_ENABLED,COVERAGE,COVERED_BRANCHES,TOTAL_BRANCHES,BRANCH_COVERAGE,COVERED_LINES,TOTAL_LINES,LINE_COVERAGE,COVERED_FUNCTIONS,TOTAL_FUNCTIONS,FUNCTION_COVERAGE,COVERED_PROBES,TOTAL_PROBES,PROBE_COVERAGE,INITIALIZATION_TIME,SEARCH_TIME,TOTAL_TIME,ITERATIONS,EVALUATIONS,VERSION
help.js,,0.8589671812372233,DynaMOSA,,true,0.5869565217391305,28,66,0.42424242424242425,59,119,0.4957983193277311,18,37,0.4864864864864865,,,,2.1599998474121094,60.03599977493286,62.19599962234497,108,3365,1
option.js,,0.8589671812372233,DynaMOSA,,true,0.7586206896551724,5,18,0.2777777777777778,47,57,0.8245614035087719,13,15,0.8666666666666667,,,,0.442000150680542,60.01699995994568,60.45900011062622,150,4659,1
option.js,,0.8589671812372233,DynaMOSA,,true,0.896551724137931,5,18,0.2777777777777778,47,57,0.8245614035087719,13,15,0.8666666666666667,,,,0.2839999198913574,60.009000062942505,60.29299998283386,193,5984,1
suggestSimilar.js,,0.8589671812372233,DynaMOSA,,true,0.6052631578947368,17,32,0.53125,30,46,0.6521739130434783,4,6,0.6666666666666666,,,,0.5169999599456787,60.020999908447266,60.537999868392944,127,3964,1
