SUBJECT,CONFIGURATION,SEED,ALGORITHM,PROBE_ENABLED,CONSTANT_POOL_ENABLED,COVERAGE,COVERED_BRANCHES,TOTAL_BRANCHES,BRANCH_COVERAGE,COVERED_LINES,TOTAL_LINES,LINE_COVERAGE,COVERED_FUNCTIONS,TOTAL_FUNCTIONS,FUNCTION_COVERAGE,COVERED_PROBES,TOTAL_PROBES,PROBE_COVERAGE,INITIALIZATION_TIME,SEARCH_TIME,TOTAL_TIME,ITERATIONS,EVALUATIONS,VERSION
help.js,,0.0011282064365108857,DynaMOSA,,true,0.5978260869565217,29,66,0.4393939393939394,64,119,0.5378151260504201,22,37,0.5945945945945946,,,,2.3010001182556152,60.03200006484985,62.33300018310547,98,3044,1
option.js,,0.0011282064365108857,DynaMOSA,,true,0.7586206896551724,5,18,0.2777777777777778,47,57,0.8245614035087719,13,15,0.8666666666666667,,,,0.46000003814697266,60.01900005340576,60.479000091552734,144,4473,1
option.js,,0.0011282064365108857,DynaMOSA,,true,0.896551724137931,6,18,0.3333333333333333,47,57,0.8245614035087719,13,15,0.8666666666666667,,,,0.3229999542236328,60.01300001144409,60.335999965667725,181,5634,1
suggestSimilar.js,,0.0011282064365108857,DynaMOSA,,true,0.8157894736842105,23,32,0.71875,37,46,0.8043478260869565,4,6,0.6666666666666666,,,,0.5399999618530273,60.020999908447266,60.56099987030029,120,3727,1
