SUBJECT,CONFIGURATION,SEED,ALGORITHM,PROBE_ENABLED,CONSTANT_POOL_ENABLED,COVERAGE,COVERED_BRANCHES,TOTAL_BRANCHES,BRANCH_COVERAGE,COVERED_LINES,TOTAL_LINES,LINE_COVERAGE,COVERED_FUNCTIONS,TOTAL_FUNCTIONS,FUNCTION_COVERAGE,COVERED_PROBES,TOTAL_PROBES,PROBE_COVERAGE,INITIALIZATION_TIME,SEARCH_TIME,TOTAL_TIME,ITERATIONS,EVALUATIONS,VERSION
help.js,,0.6327261543780617,DynaMOSA,,true,0.6304347826086957,32,66,0.48484848484848486,67,119,0.5630252100840336,19,37,0.5135135135135135,,,,3.5410001277923584,60.04100012779236,63.58200025558472,63,1965,1
option.js,,0.6327261543780617,DynaMOSA,,true,0.7931034482758621,6,18,0.3333333333333333,45,57,0.7894736842105263,13,15,0.8666666666666667,,,,0.37400007247924805,60.00999999046326,60.384000062942505,152,4722,1
option.js,,0.6327261543780617,DynaMOSA,,true,0.9310344827586207,7,18,0.3888888888888889,45,57,0.7894736842105263,13,15,0.8666666666666667,,,,0.28999996185302734,60.00399994850159,60.293999910354614,193,5988,1
suggestSimilar.js,,0.6327261543780617,DynaMOSA,,true,0.8157894736842105,25,32,0.78125,39,46,0.8478260869565217,4,6,0.6666666666666666,,,,0.47300004959106445,60.015000104904175,60.48800015449524,143,4443,1
