SUBJECT,CONFIGURATION,SEED,ALGORITHM,PROBE_ENABLED,CONSTANT_POOL_ENABLED,COVERAGE,COVERED_BRANCHES,TOTAL_BRANCHES,BRANCH_COVERAGE,COVERED_LINES,TOTAL_LINES,LINE_COVERAGE,COVERED_FUNCTIONS,TOTAL_FUNCTIONS,FUNCTION_COVERAGE,COVERED_PROBES,TOTAL_PROBES,PROBE_COVERAGE,INITIALIZATION_TIME,SEARCH_TIME,TOTAL_TIME,ITERATIONS,EVALUATIONS,VERSION
help.js,,0.30767418662591495,DynaMOSA,,true,0.532608695652174,23,66,0.3484848484848485,48,119,0.40336134453781514,19,37,0.5135135135135135,,,,2.2790000438690186,60.13800001144409,62.41700005531311,47,1456,1
option.js,,0.30767418662591495,DynaMOSA,,true,0.7931034482758621,6,18,0.3333333333333333,45,57,0.7894736842105263,13,15,0.8666666666666667,,,,0.4049999713897705,60.013999938964844,60.418999910354614,156,4842,1
option.js,,0.30767418662591495,DynaMOSA,,true,0.9310344827586207,7,18,0.3888888888888889,45,57,0.7894736842105263,13,15,0.8666666666666667,,,,0.2909998893737793,60.01100015640259,60.30200004577637,209,6497,1
suggestSimilar.js,,0.30767418662591495,DynaMOSA,,true,0.5526315789473685,16,32,0.5,29,46,0.6304347826086957,4,6,0.6666666666666666,,,,0.5169999599456787,60.013999938964844,60.53099989891052,129,4021,1
