SUBJECT,CONFIGURATION,SEED,ALGORITHM,PROBE_ENABLED,CONSTANT_POOL_ENABLED,COVERAGE,COVERED_BRANCHES,TOTAL_BRANCHES,BRANCH_COVERAGE,COVERED_LINES,TOTAL_LINES,LINE_COVERAGE,COVERED_FUNCTIONS,TOTAL_FUNCTIONS,FUNCTION_COVERAGE,COVERED_PROBES,TOTAL_PROBES,PROBE_COVERAGE,INITIALIZATION_TIME,SEARCH_TIME,TOTAL_TIME,ITERATIONS,EVALUATIONS,VERSION
help.js,,0.6040343350023064,DynaMOSA,,true,0.6847826086956522,37,66,0.5606060606060606,73,119,0.6134453781512605,20,37,0.5405405405405406,,,,2.383000135421753,60.03600001335144,62.41900014877319,45,1424,1
option.js,,0.6040343350023064,DynaMOSA,,true,0.7931034482758621,6,18,0.3333333333333333,45,57,0.7894736842105263,13,15,0.8666666666666667,,,,0.3810000419616699,60.01900005340576,60.40000009536743,160,4974,1
option.js,,0.6040343350023064,DynaMOSA,,true,0.9310344827586207,7,18,0.3888888888888889,45,57,0.7894736842105263,13,15,0.8666666666666667,,,,0.31800007820129395,60.00600004196167,60.324000120162964,207,6426,1
suggestSimilar.js,,0.6040343350023064,DynaMOSA,,true,0.8157894736842105,24,32,0.75,38,46,0.8260869565217391,4,6,0.6666666666666666,,,,0.48600006103515625,60.0220000743866,60.50800013542175,136,4226,1
