SUBJECT,CONFIGURATION,SEED,ALGORITHM,PROBE_ENABLED,CONSTANT_POOL_ENABLED,COVERAGE,COVERED_BRANCHES,TOTAL_BRANCHES,BRANCH_COVERAGE,COVERED_LINES,TOTAL_LINES,LINE_COVERAGE,COVERED_FUNCTIONS,TOTAL_FUNCTIONS,FUNCTION_COVERAGE,COVERED_PROBES,TOTAL_PROBES,PROBE_COVERAGE,INITIALIZATION_TIME,SEARCH_TIME,TOTAL_TIME,ITERATIONS,EVALUATIONS,VERSION
help.js,,0.6290641269006204,DynaMOSA,,true,0.3804347826086957,14,66,0.21212121212121213,43,119,0.36134453781512604,19,37,0.5135135135135135,,,,2.242000102996826,60.02499985694885,62.26699995994568,94,2929,1
option.js,,0.6290641269006204,DynaMOSA,,true,0.7931034482758621,7,18,0.3888888888888889,48,57,0.8421052631578947,13,15,0.8666666666666667,,,,0.4610002040863037,60.014999866485596,60.4760000705719,153,4752,1
option.js,,0.6290641269006204,DynaMOSA,,true,0.896551724137931,7,18,0.3888888888888889,48,57,0.8421052631578947,13,15,0.8666666666666667,,,,0.2849998474121094,60.00999999046326,60.294999837875366,183,5698,1
suggestSimilar.js,,0.6290641269006204,DynaMOSA,,true,0.7105263157894737,23,32,0.71875,36,46,0.782608695652174,3,6,0.5,,,,0.49200010299682617,60.014999866485596,60.50699996948242,142,4428,1
