SUBJECT,CONFIGURATION,SEED,ALGORITHM,PROBE_ENABLED,CONSTANT_POOL_ENABLED,COVERAGE,COVERED_BRANCHES,TOTAL_BRANCHES,BRANCH_COVERAGE,COVERED_LINES,TOTAL_LINES,LINE_COVERAGE,COVERED_FUNCTIONS,TOTAL_FUNCTIONS,FUNCTION_COVERAGE,COVERED_PROBES,TOTAL_PROBES,PROBE_COVERAGE,INITIALIZATION_TIME,SEARCH_TIME,TOTAL_TIME,ITERATIONS,EVALUATIONS,VERSION
help.js,,0.8283528986103719,DynaMOSA,,true,0.3804347826086957,14,66,0.21212121212121213,43,119,0.36134453781512604,19,37,0.5135135135135135,,,,2.0769999027252197,60.02300000190735,62.09999990463257,98,3057,1
option.js,,0.8283528986103719,DynaMOSA,,true,0.7931034482758621,6,18,0.3333333333333333,48,57,0.8421052631578947,13,15,0.8666666666666667,,,,0.4500000476837158,60.01300001144409,60.46300005912781,160,4977,1
option.js,,0.8283528986103719,DynaMOSA,,true,0.896551724137931,6,18,0.3333333333333333,48,57,0.8421052631578947,13,15,0.8666666666666667,,,,0.2850000858306885,60.00200009346008,60.28700017929077,199,6170,1
suggestSimilar.js,,0.8283528986103719,DynaMOSA,,true,0.7105263157894737,21,32,0.65625,34,46,0.7391304347826086,3,6,0.5,,,,0.46899986267089844,60.01199984550476,60.48099970817566,146,4555,1
