SUBJECT,CONFIGURATION,SEED,ALGORITHM,PROBE_ENABLED,CONSTANT_POOL_ENABLED,COVERAGE,COVERED_BRANCHES,TOTAL_BRANCHES,BRANCH_COVERAGE,COVERED_LINES,TOTAL_LINES,LINE_COVERAGE,COVERED_FUNCTIONS,TOTAL_FUNCTIONS,FUNCTION_COVERAGE,COVERED_PROBES,TOTAL_PROBES,PROBE_COVERAGE,INITIALIZATION_TIME,SEARCH_TIME,TOTAL_TIME,ITERATIONS,EVALUATIONS,VERSION
help.js,,0.8131416665305898,DynaMOSA,,true,0.5543478260869565,25,66,0.3787878787878788,58,119,0.48739495798319327,21,37,0.5675675675675675,,,,2.30400013923645,60.03200006484985,62.336000204086304,94,2926,1
option.js,,0.8131416665305898,DynaMOSA,,true,0.7931034482758621,6,18,0.3333333333333333,48,57,0.8421052631578947,13,15,0.8666666666666667,,,,0.5399999618530273,60.16000008583069,60.700000047683716,142,4432,1
option.js,,0.8131416665305898,DynaMOSA,,true,0.9310344827586207,7,18,0.3888888888888889,48,57,0.8421052631578947,13,15,0.8666666666666667,,,,0.3080000877380371,60.01400017738342,60.32200026512146,178,5531,1
suggestSimilar.js,,0.8131416665305898,DynaMOSA,,true,0.8157894736842105,22,32,0.6875,37,46,0.8043478260869565,4,6,0.6666666666666666,,,,0.6159999370574951,60.01800012588501,60.634000062942505,117,3655,1
