SUBJECT,CONFIGURATION,SEED,ALGORITHM,PROBE_ENABLED,CONSTANT_POOL_ENABLED,COVERAGE,COVERED_BRANCHES,TOTAL_BRANCHES,BRANCH_COVERAGE,COVERED_LINES,TOTAL_LINES,LINE_COVERAGE,COVERED_FUNCTIONS,TOTAL_FUNCTIONS,FUNCTION_COVERAGE,COVERED_PROBES,TOTAL_PROBES,PROBE_COVERAGE,INITIALIZATION_TIME,SEARCH_TIME,TOTAL_TIME,ITERATIONS,EVALUATIONS,VERSION
help.js,,0.332420528099501,DynaMOSA,,true,0.5760869565217391,26,66,0.3939393939393939,54,119,0.453781512605042,19,37,0.5135135135135135,,,,2.2809998989105225,60.05900001525879,62.33999991416931,44,1378,1
option.js,,0.332420528099501,DynaMOSA,,true,0.7931034482758621,6,18,0.3333333333333333,45,57,0.7894736842105263,13,15,0.8666666666666667,,,,0.4029998779296875,60.003000020980835,60.40599989891052,155,4835,1
option.js,,0.332420528099501,DynaMOSA,,true,0.9310344827586207,7,18,0.3888888888888889,45,57,0.7894736842105263,13,15,0.8666666666666667,,,,0.31999993324279785,60.003000020980835,60.32299995422363,206,6412,1
suggestSimilar.js,,0.332420528099501,DynaMOSA,,true,0.7105263157894737,21,32,0.65625,34,46,0.7391304347826086,3,6,0.5,,,,0.5019998550415039,60.0220000743866,60.5239999294281,128,3982,1
