SUBJECT,CONFIGURATION,SEED,ALGORITHM,PROBE_ENABLED,CONSTANT_POOL_ENABLED,COVERAGE,COVERED_BRANCHES,TOTAL_BRANCHES,BRANCH_COVERAGE,COVERED_LINES,TOTAL_LINES,LINE_COVERAGE,COVERED_FUNCTIONS,TOTAL_FUNCTIONS,FUNCTION_COVERAGE,COVERED_PROBES,TOTAL_PROBES,PROBE_COVERAGE,INITIALIZATION_TIME,SEARCH_TIME,TOTAL_TIME,ITERATIONS,EVALUATIONS,VERSION
help.js,,0.7263397214235675,DynaMOSA,,true,0.6195652173913043,31,66,0.4696969696969697,68,119,0.5714285714285714,21,37,0.5675675675675675,,,,2.3289999961853027,60.03699994087219,62.365999937057495,102,3172,1
option.js,,0.7263397214235675,DynaMOSA,,true,0.7586206896551724,5,18,0.2777777777777778,47,57,0.8245614035087719,13,15,0.8666666666666667,,,,0.6749999523162842,60.007999897003174,60.68299984931946,140,4357,1
option.js,,0.7263397214235675,DynaMOSA,,true,0.896551724137931,6,18,0.3333333333333333,47,57,0.8245614035087719,13,15,0.8666666666666667,,,,0.3040001392364502,60.00600004196167,60.31000018119812,184,5728,1
suggestSimilar.js,,0.7263397214235675,DynaMOSA,,true,0.8157894736842105,23,32,0.71875,37,46,0.8043478260869565,4,6,0.6666666666666666,,,,0.5239999294281006,60.026000022888184,60.549999952316284,118,3679,1
