SUBJECT,CONFIGURATION,SEED,ALGORITHM,PROBE_ENABLED,CONSTANT_POOL_ENABLED,COVERAGE,COVERED_BRANCHES,TOTAL_BRANCHES,BRANCH_COVERAGE,COVERED_LINES,TOTAL_LINES,LINE_COVERAGE,COVERED_FUNCTIONS,TOTAL_FUNCTIONS,FUNCTION_COVERAGE,COVERED_PROBES,TOTAL_PROBES,PROBE_COVERAGE,INITIALIZATION_TIME,SEARCH_TIME,TOTAL_TIME,ITERATIONS,EVALUATIONS,VERSION
help.js,,0.2989130497027215,DynaMOSA,,true,0.5869565217391305,26,66,0.3939393939393939,61,119,0.5126050420168067,23,37,0.6216216216216216,,,,2.120000123977661,60.03699994087219,62.15700006484985,106,3306,1
option.js,,0.2989130497027215,DynaMOSA,,true,0.7586206896551724,5,18,0.2777777777777778,47,57,0.8245614035087719,13,15,0.8666666666666667,,,,0.4399998188018799,60.01099991798401,60.45099973678589,141,4376,1
option.js,,0.2989130497027215,DynaMOSA,,true,0.896551724137931,6,18,0.3333333333333333,47,57,0.8245614035087719,13,15,0.8666666666666667,,,,0.2980000972747803,60.00399994850159,60.30200004577637,191,5926,1
suggestSimilar.js,,0.2989130497027215,DynaMOSA,,true,0.6052631578947368,17,32,0.53125,30,46,0.6521739130434783,4,6,0.6666666666666666,,,,0.5329999923706055,60.01900005340576,60.55200004577637,121,3780,1
