SUBJECT,CONFIGURATION,SEED,ALGORITHM,PROBE_ENABLED,CONSTANT_POOL_ENABLED,COVERAGE,COVERED_BRANCHES,TOTAL_BRANCHES,BRANCH_COVERAGE,COVERED_LINES,TOTAL_LINES,LINE_COVERAGE,COVERED_FUNCTIONS,TOTAL_FUNCTIONS,FUNCTION_COVERAGE,COVERED_PROBES,TOTAL_PROBES,PROBE_COVERAGE,INITIALIZATION_TIME,SEARCH_TIME,TOTAL_TIME,ITERATIONS,EVALUATIONS,VERSION
help.js,,0.6828346130793118,DynaMOSA,,true,0.5543478260869565,25,66,0.3787878787878788,55,119,0.46218487394957986,20,37,0.5405405405405406,,,,2.3589999675750732,60.03999996185303,62.3989999294281,96,2988,1
option.js,,0.6828346130793118,DynaMOSA,,true,0.7586206896551724,5,18,0.2777777777777778,47,57,0.8245614035087719,13,15,0.8666666666666667,,,,0.48200011253356934,60.01699995994568,60.49900007247925,142,4420,1
option.js,,0.6828346130793118,DynaMOSA,,true,0.896551724137931,6,18,0.3333333333333333,47,57,0.8245614035087719,13,15,0.8666666666666667,,,,0.33099985122680664,60.00499987602234,60.335999727249146,178,5545,1
suggestSimilar.js,,0.6828346130793118,DynaMOSA,,true,0.8157894736842105,24,32,0.75,38,46,0.8260869565217391,4,6,0.6666666666666666,,,,0.5160000324249268,60.02900004386902,60.545000076293945,118,3684,1
