SUBJECT,CONFIGURATION,SEED,ALGORITHM,PROBE_ENABLED,CONSTANT_POOL_ENABLED,COVERAGE,COVERED_BRANCHES,TOTAL_BRANCHES,BRANCH_COVERAGE,COVERED_LINES,TOTAL_LINES,LINE_COVERAGE,COVERED_FUNCTIONS,TOTAL_FUNCTIONS,FUNCTION_COVERAGE,COVERED_PROBES,TOTAL_PROBES,PROBE_COVERAGE,INITIALIZATION_TIME,SEARCH_TIME,TOTAL_TIME,ITERATIONS,EVALUATIONS,VERSION
help.js,,0.07476799583964716,DynaMOSA,,true,0.3804347826086957,13,66,0.19696969696969696,43,119,0.36134453781512604,19,37,0.5135135135135135,,,,2.111999988555908,60.03000020980835,62.14200019836426,97,3016,1
option.js,,0.07476799583964716,DynaMOSA,,true,0.7931034482758621,6,18,0.3333333333333333,48,57,0.8421052631578947,13,15,0.8666666666666667,,,,0.44100022315979004,60.0220000743866,60.46300029754639,154,4801,1
option.js,,0.07476799583964716,DynaMOSA,,true,0.896551724137931,6,18,0.3333333333333333,48,57,0.8421052631578947,13,15,0.8666666666666667,,,,0.312000036239624,60.4210000038147,60.73300004005432,193,6009,1
suggestSimilar.js,,0.07476799583964716,DynaMOSA,,true,0.7105263157894737,23,32,0.71875,36,46,0.782608695652174,3,6,0.5,,,,0.503000020980835,60.02300000190735,60.526000022888184,146,4540,1
