SUBJECT,CONFIGURATION,SEED,ALGORITHM,PROBE_ENABLED,CONSTANT_POOL_ENABLED,COVERAGE,COVERED_BRANCHES,TOTAL_BRANCHES,BRANCH_COVERAGE,COVERED_LINES,TOTAL_LINES,LINE_COVERAGE,COVERED_FUNCTIONS,TOTAL_FUNCTIONS,FUNCTION_COVERAGE,COVERED_PROBES,TOTAL_PROBES,PROBE_COVERAGE,INITIALIZATION_TIME,SEARCH_TIME,TOTAL_TIME,ITERATIONS,EVALUATIONS,VERSION
help.js,,0.08646228556887198,DynaMOSA,,true,0.3695652173913043,12,66,0.18181818181818182,43,119,0.36134453781512604,19,37,0.5135135135135135,,,,2.117999792098999,60.026999950408936,62.144999742507935,96,2990,1
option.js,,0.08646228556887198,DynaMOSA,,true,0.7931034482758621,6,18,0.3333333333333333,48,57,0.8421052631578947,13,15,0.8666666666666667,,,,0.4289999008178711,60.009000062942505,60.437999963760376,159,4941,1
option.js,,0.08646228556887198,DynaMOSA,,true,0.896551724137931,6,18,0.3333333333333333,48,57,0.8421052631578947,13,15,0.8666666666666667,,,,0.2949998378753662,60.01300001144409,60.30799984931946,197,6107,1
suggestSimilar.js,,0.08646228556887198,DynaMOSA,,true,0.7105263157894737,23,32,0.71875,36,46,0.782608695652174,3,6,0.5,,,,0.42600011825561523,60.01799988746643,60.444000005722046,149,4626,1
