SUBJECT,CONFIGURATION,SEED,ALGORITHM,PROBE_ENABLED,CONSTANT_POOL_ENABLED,COVERAGE,COVERED_BRANCHES,TOTAL_BRANCHES,BRANCH_COVERAGE,COVERED_LINES,TOTAL_LINES,LINE_COVERAGE,COVERED_FUNCTIONS,TOTAL_FUNCTIONS,FUNCTION_COVERAGE,COVERED_PROBES,TOTAL_PROBES,PROBE_COVERAGE,INITIALIZATION_TIME,SEARCH_TIME,TOTAL_TIME,ITERATIONS,EVALUATIONS,VERSION
help.js,,0.9916827293233755,DynaMOSA,,true,0.6086956521739131,30,66,0.45454545454545453,63,119,0.5294117647058824,20,37,0.5405405405405406,,,,2.2709999084472656,60.045000076293945,62.31599998474121,92,2871,1
option.js,,0.9916827293233755,DynaMOSA,,true,0.7586206896551724,5,18,0.2777777777777778,47,57,0.8245614035087719,13,15,0.8666666666666667,,,,0.4889998435974121,60.01700019836426,60.50600004196167,137,4276,1
option.js,,0.9916827293233755,DynaMOSA,,true,0.896551724137931,6,18,0.3333333333333333,47,57,0.8245614035087719,13,15,0.8666666666666667,,,,0.34800004959106445,60.01100015640259,60.35900020599365,178,5518,1
suggestSimilar.js,,0.9916827293233755,DynaMOSA,,true,0.631578947368421,17,32,0.53125,29,46,0.6304347826086957,4,6,0.6666666666666666,,,,0.5160000324249268,60.01300001144409,60.52900004386902,114,3535,1
