SUBJECT,CONFIGURATION,SEED,ALGORITHM,PROBE_ENABLED,CONSTANT_POOL_ENABLED,COVERAGE,COVERED_BRANCHES,TOTAL_BRANCHES,BRANCH_COVERAGE,COVERED_LINES,TOTAL_LINES,LINE_COVERAGE,COVERED_FUNCTIONS,TOTAL_FUNCTIONS,FUNCTION_COVERAGE,COVERED_PROBES,TOTAL_PROBES,PROBE_COVERAGE,INITIALIZATION_TIME,SEARCH_TIME,TOTAL_TIME,ITERATIONS,EVALUATIONS,VERSION
help.js,,0.26022432647623855,DynaMOSA,,true,0.3804347826086957,13,66,0.19696969696969696,43,119,0.36134453781512604,19,37,0.5135135135135135,,,,2.203000068664551,60.032999992370605,62.236000061035156,96,2995,1
option.js,,0.26022432647623855,DynaMOSA,,true,0.7931034482758621,7,18,0.3888888888888889,48,57,0.8421052631578947,13,15,0.8666666666666667,,,,0.43200016021728516,60.01799988746643,60.450000047683716,154,4778,1
option.js,,0.26022432647623855,DynaMOSA,,true,0.896551724137931,7,18,0.3888888888888889,48,57,0.8421052631578947,13,15,0.8666666666666667,,,,0.2950000762939453,60.009000062942505,60.30400013923645,189,5878,1
suggestSimilar.js,,0.26022432647623855,DynaMOSA,,true,0.5,15,32,0.46875,27,46,0.5869565217391305,3,6,0.5,,,,0.5230000019073486,60.01199984550476,60.53499984741211,139,4327,1
