SUBJECT,CONFIGURATION,SEED,ALGORITHM,PROBE_ENABLED,CONSTANT_POOL_ENABLED,COVERAGE,COVERED_BRANCHES,TOTAL_BRANCHES,BRANCH_COVERAGE,COVERED_LINES,TOTAL_LINES,LINE_COVERAGE,COVERED_FUNCTIONS,TOTAL_FUNCTIONS,FUNCTION_COVERAGE,COVERED_PROBES,TOTAL_PROBES,PROBE_COVERAGE,INITIALIZATION_TIME,SEARCH_TIME,TOTAL_TIME,ITERATIONS,EVALUATIONS,VERSION
help.js,,0.2194603484476398,DynaMOSA,,true,0.5869565217391305,27,66,0.4090909090909091,61,119,0.5126050420168067,21,37,0.5675675675675675,,,,2.367999792098999,60.038999795913696,62.406999588012695,98,3058,1
option.js,,0.2194603484476398,DynaMOSA,,true,0.7586206896551724,5,18,0.2777777777777778,47,57,0.8245614035087719,13,15,0.8666666666666667,,,,0.4790000915527344,60.01900005340576,60.498000144958496,141,4375,1
option.js,,0.2194603484476398,DynaMOSA,,true,0.896551724137931,6,18,0.3333333333333333,47,57,0.8245614035087719,13,15,0.8666666666666667,,,,0.30699992179870605,60.01099991798401,60.317999839782715,183,5688,1
suggestSimilar.js,,0.2194603484476398,DynaMOSA,,true,0.631578947368421,17,32,0.53125,31,46,0.6739130434782609,4,6,0.6666666666666666,,,,0.5739998817443848,60.0239999294281,60.597999811172485,119,3712,1
