SUBJECT,CONFIGURATION,SEED,ALGORITHM,PROBE_ENABLED,CONSTANT_POOL_ENABLED,COVERAGE,COVERED_BRANCHES,TOTAL_BRANCHES,BRANCH_COVERAGE,COVERED_LINES,TOTAL_LINES,LINE_COVERAGE,COVERED_FUNCTIONS,TOTAL_FUNCTIONS,FUNCTION_COVERAGE,COVERED_PROBES,TOTAL_PROBES,PROBE_COVERAGE,INITIALIZATION_TIME,SEARCH_TIME,TOTAL_TIME,ITERATIONS,EVALUATIONS,VERSION
help.js,,0.25158827883908497,DynaMOSA,,true,0.6630434782608695,33,66,0.5,65,119,0.5462184873949579,19,37,0.5135135135135135,,,,3.2320001125335693,60.04099988937378,63.27300000190735,46,1447,1
option.js,,0.25158827883908497,DynaMOSA,,true,0.7931034482758621,6,18,0.3333333333333333,45,57,0.7894736842105263,13,15,0.8666666666666667,,,,0.3429999351501465,60.01300001144409,60.35599994659424,161,5001,1
option.js,,0.25158827883908497,DynaMOSA,,true,0.9310344827586207,7,18,0.3888888888888889,45,57,0.7894736842105263,13,15,0.8666666666666667,,,,0.28100013732910156,60.01100015640259,60.29200029373169,200,6207,1
suggestSimilar.js,,0.25158827883908497,DynaMOSA,,true,0.8157894736842105,25,32,0.78125,39,46,0.8478260869565217,4,6,0.6666666666666666,,,,0.5309998989105225,60.020999908447266,60.55199980735779,142,4428,1
