SUBJECT,CONFIGURATION,SEED,ALGORITHM,PROBE_ENABLED,CONSTANT_POOL_ENABLED,COVERAGE,COVERED_BRANCHES,TOTAL_BRANCHES,BRANCH_COVERAGE,COVERED_LINES,TOTAL_LINES,LINE_COVERAGE,COVERED_FUNCTIONS,TOTAL_FUNCTIONS,FUNCTION_COVERAGE,COVERED_PROBES,TOTAL_PROBES,PROBE_COVERAGE,INITIALIZATION_TIME,SEARCH_TIME,TOTAL_TIME,ITERATIONS,EVALUATIONS,VERSION
help.js,,0.028202605496801314,DynaMOSA,,true,0.3695652173913043,12,66,0.18181818181818182,43,119,0.36134453781512604,19,37,0.5135135135135135,,,,2.1520001888275146,60.037999868392944,62.19000005722046,92,2867,1
option.js,,0.028202605496801314,DynaMOSA,,true,0.7931034482758621,8,18,0.4444444444444444,49,57,0.8596491228070176,13,15,0.8666666666666667,,,,0.4789998531341553,60.01699995994568,60.495999813079834,149,4640,1
option.js,,0.028202605496801314,DynaMOSA,,true,0.896551724137931,8,18,0.4444444444444444,49,57,0.8596491228070176,13,15,0.8666666666666667,,,,0.3169999122619629,60.01099991798401,60.32799983024597,188,5855,1
suggestSimilar.js,,0.028202605496801314,DynaMOSA,,true,0.7105263157894737,21,32,0.65625,34,46,0.7391304347826086,3,6,0.5,,,,0.46700000762939453,60.01599979400635,60.48299980163574,138,4295,1
