SUBJECT,CONFIGURATION,SEED,ALGORITHM,PROBE_ENABLED,CONSTANT_POOL_ENABLED,COVERAGE,COVERED_BRANCHES,TOTAL_BRANCHES,BRANCH_COVERAGE,COVERED_LINES,TOTAL_LINES,LINE_COVERAGE,COVERED_FUNCTIONS,TOTAL_FUNCTIONS,FUNCTION_COVERAGE,COVERED_PROBES,TOTAL_PROBES,PROBE_COVERAGE,INITIALIZATION_TIME,SEARCH_TIME,TOTAL_TIME,ITERATIONS,EVALUATIONS,VERSION
help.js,,0.2319421419598364,DynaMOSA,,true,0.6739130434782609,36,66,0.5454545454545454,67,119,0.5630252100840336,20,37,0.5405405405405406,,,,3.426999807357788,60.05399990081787,63.48099970817566,44,1380,1
option.js,,0.2319421419598364,DynaMOSA,,true,0.7931034482758621,5,18,0.2777777777777778,44,57,0.7719298245614035,13,15,0.8666666666666667,,,,0.38499999046325684,60.009000062942505,60.39400005340576,165,5118,1
option.js,,0.2319421419598364,DynaMOSA,,true,0.9310344827586207,6,18,0.3333333333333333,44,57,0.7719298245614035,13,15,0.8666666666666667,,,,0.2690000534057617,60.00500011444092,60.27400016784668,205,6379,1
suggestSimilar.js,,0.2319421419598364,DynaMOSA,,true,0.8157894736842105,25,32,0.78125,39,46,0.8478260869565217,4,6,0.6666666666666666,,,,0.502000093460083,60.013999938964844,60.51600003242493,142,4410,1
