SUBJECT,CONFIGURATION,SEED,ALGORITHM,PROBE_ENABLED,CONSTANT_POOL_ENABLED,COVERAGE,COVERED_BRANCHES,TOTAL_BRANCHES,BRANCH_COVERAGE,COVERED_LINES,TOTAL_LINES,LINE_COVERAGE,COVERED_FUNCTIONS,TOTAL_FUNCTIONS,FUNCTION_COVERAGE,COVERED_PROBES,TOTAL_PROBES,PROBE_COVERAGE,INITIALIZATION_TIME,SEARCH_TIME,TOTAL_TIME,ITERATIONS,EVALUATIONS,VERSION
help.js,,0.11206006015601416,DynaMOSA,,true,0.5978260869565217,29,66,0.4393939393939394,58,119,0.48739495798319327,18,37,0.4864864864864865,,,,2.261000156402588,60.055999994277954,62.31700015068054,50,1561,1
option.js,,0.11206006015601416,DynaMOSA,,true,0.7931034482758621,6,18,0.3333333333333333,45,57,0.7894736842105263,13,15,0.8666666666666667,,,,0.3919999599456787,60.01699995994568,60.40899991989136,160,4980,1
option.js,,0.11206006015601416,DynaMOSA,,true,0.9310344827586207,7,18,0.3888888888888889,45,57,0.7894736842105263,13,15,0.8666666666666667,,,,0.2890000343322754,60.008999824523926,60.2979998588562,212,6598,1
suggestSimilar.js,,0.11206006015601416,DynaMOSA,,true,0.5,15,32,0.46875,27,46,0.5869565217391305,3,6,0.5,,,,0.49000000953674316,60.026000022888184,60.51600003242493,126,3926,1
