SUBJECT,CONFIGURATION,SEED,ALGORITHM,PROBE_ENABLED,CONSTANT_POOL_ENABLED,COVERAGE,COVERED_BRANCHES,TOTAL_BRANCHES,BRANCH_COVERAGE,COVERED_LINES,TOTAL_LINES,LINE_COVERAGE,COVERED_FUNCTIONS,TOTAL_FUNCTIONS,FUNCTION_COVERAGE,COVERED_PROBES,TOTAL_PROBES,PROBE_COVERAGE,INITIALIZATION_TIME,SEARCH_TIME,TOTAL_TIME,ITERATIONS,EVALUATIONS,VERSION
help.js,,0.8877310054791729,DynaMOSA,,true,0.6521739130434783,35,66,0.5303030303030303,68,119,0.5714285714285714,19,37,0.5135135135135135,,,,3.130000114440918,60.05299997329712,63.18300008773804,66,2052,1
option.js,,0.8877310054791729,DynaMOSA,,true,0.7931034482758621,6,18,0.3333333333333333,45,57,0.7894736842105263,13,15,0.8666666666666667,,,,0.4100000858306885,60.020999908447266,60.430999994277954,148,4602,1
option.js,,0.8877310054791729,DynaMOSA,,true,0.9310344827586207,7,18,0.3888888888888889,45,57,0.7894736842105263,13,15,0.8666666666666667,,,,0.28600001335144043,60.009000062942505,60.295000076293945,196,6088,1
suggestSimilar.js,,0.8877310054791729,DynaMOSA,,true,0.8157894736842105,25,32,0.78125,39,46,0.8478260869565217,4,6,0.6666666666666666,,,,0.4889998435974121,60.02500009536743,60.513999938964844,140,4354,1
