SUBJECT,CONFIGURATION,SEED,ALGORITHM,PROBE_ENABLED,CONSTANT_POOL_ENABLED,COVERAGE,COVERED_BRANCHES,TOTAL_BRANCHES,BRANCH_COVERAGE,COVERED_LINES,TOTAL_LINES,LINE_COVERAGE,COVERED_FUNCTIONS,TOTAL_FUNCTIONS,FUNCTION_COVERAGE,COVERED_PROBES,TOTAL_PROBES,PROBE_COVERAGE,INITIALIZATION_TIME,SEARCH_TIME,TOTAL_TIME,ITERATIONS,EVALUATIONS,VERSION
help.js,,0.16473681108098973,DynaMOSA,,true,0.6086956521739131,31,66,0.4696969696969697,63,119,0.5294117647058824,21,37,0.5675675675675675,,,,2.2019999027252197,60.03500008583069,62.23699998855591,101,3136,1
option.js,,0.16473681108098973,DynaMOSA,,true,0.7586206896551724,5,18,0.2777777777777778,47,57,0.8245614035087719,13,15,0.8666666666666667,,,,0.47300004959106445,60.013999938964844,60.48699998855591,145,4509,1
option.js,,0.16473681108098973,DynaMOSA,,true,0.896551724137931,6,18,0.3333333333333333,47,57,0.8245614035087719,13,15,0.8666666666666667,,,,0.3039999008178711,60.001999855041504,60.305999755859375,189,5879,1
suggestSimilar.js,,0.16473681108098973,DynaMOSA,,true,0.6842105263157895,20,32,0.625,32,46,0.6956521739130435,4,6,0.6666666666666666,,,,0.5339999198913574,60.021000146865845,60.5550000667572,124,3852,1
