SUBJECT,CONFIGURATION,SEED,ALGORITHM,PROBE_ENABLED,CONSTANT_POOL_ENABLED,COVERAGE,COVERED_BRANCHES,TOTAL_BRANCHES,BRANCH_COVERAGE,COVERED_LINES,TOTAL_LINES,LINE_COVERAGE,COVERED_FUNCTIONS,TOTAL_FUNCTIONS,FUNCTION_COVERAGE,COVERED_PROBES,TOTAL_PROBES,PROBE_COVERAGE,INITIALIZATION_TIME,SEARCH_TIME,TOTAL_TIME,ITERATIONS,EVALUATIONS,VERSION
help.js,,0.7244445971482142,DynaMOSA,,true,0.6847826086956522,37,66,0.5606060606060606,69,119,0.5798319327731093,20,37,0.5405405405405406,,,,3.1510000228881836,60.07799983024597,63.228999853134155,51,1580,1
option.js,,0.7244445971482142,DynaMOSA,,true,0.7931034482758621,6,18,0.3333333333333333,45,57,0.7894736842105263,13,15,0.8666666666666667,,,,0.3490002155303955,60.01699995994568,60.366000175476074,169,5249,1
option.js,,0.7244445971482142,DynaMOSA,,true,0.9310344827586207,7,18,0.3888888888888889,45,57,0.7894736842105263,13,15,0.8666666666666667,,,,0.2890000343322754,60.00600004196167,60.295000076293945,212,6602,1
suggestSimilar.js,,0.7244445971482142,DynaMOSA,,true,0.8157894736842105,24,32,0.75,38,46,0.8260869565217391,4,6,0.6666666666666666,,,,0.5169999599456787,60.01600003242493,60.532999992370605,149,4639,1
