SUBJECT,CONFIGURATION,SEED,ALGORITHM,PROBE_ENABLED,CONSTANT_POOL_ENABLED,COVERAGE,COVERED_BRANCHES,TOTAL_BRANCHES,BRANCH_COVERAGE,COVERED_LINES,TOTAL_LINES,LINE_COVERAGE,COVERED_FUNCTIONS,TOTAL_FUNCTIONS,FUNCTION_COVERAGE,COVERED_PROBES,TOTAL_PROBES,PROBE_COVERAGE,INITIALIZATION_TIME,SEARCH_TIME,TOTAL_TIME,ITERATIONS,EVALUATIONS,VERSION
help.js,,0.4353669875708744,DynaMOSA,,true,0.5543478260869565,24,66,0.36363636363636365,57,119,0.4789915966386555,19,37,0.5135135135135135,,,,2.253000020980835,60.04099988937378,62.293999910354614,104,3236,1
option.js,,0.4353669875708744,DynaMOSA,,true,0.7586206896551724,5,18,0.2777777777777778,47,57,0.8245614035087719,13,15,0.8666666666666667,,,,0.5160000324249268,60.01100015640259,60.527000188827515,139,4311,1
option.js,,0.4353669875708744,DynaMOSA,,true,0.896551724137931,6,18,0.3333333333333333,47,57,0.8245614035087719,13,15,0.8666666666666667,,,,0.29799985885620117,60.007999897003174,60.305999755859375,184,5711,1
suggestSimilar.js,,0.4353669875708744,DynaMOSA,,true,0.631578947368421,18,32,0.5625,31,46,0.6739130434782609,4,6,0.6666666666666666,,,,0.5529999732971191,60.026999950408936,60.579999923706055,118,3667,1
