SUBJECT,CONFIGURATION,SEED,ALGORITHM,PROBE_ENABLED,CONSTANT_POOL_ENABLED,COVERAGE,COVERED_BRANCHES,TOTAL_BRANCHES,BRANCH_COVERAGE,COVERED_LINES,TOTAL_LINES,LINE_COVERAGE,COVERED_FUNCTIONS,TOTAL_FUNCTIONS,FUNCTION_COVERAGE,COVERED_PROBES,TOTAL_PROBES,PROBE_COVERAGE,INITIALIZATION_TIME,SEARCH_TIME,TOTAL_TIME,ITERATIONS,EVALUATIONS,VERSION
help.js,,0.7624835835673637,DynaMOSA,,true,0.6304347826086957,32,66,0.48484848484848486,66,119,0.5546218487394958,20,37,0.5405405405405406,,,,3.2660000324249268,60.17699980735779,63.442999839782715,49,1518,1
option.js,,0.7624835835673637,DynaMOSA,,true,0.7931034482758621,6,18,0.3333333333333333,45,57,0.7894736842105263,13,15,0.8666666666666667,,,,0.35899996757507324,60.01199984550476,60.370999813079834,168,5234,1
option.js,,0.7624835835673637,DynaMOSA,,true,0.9310344827586207,7,18,0.3888888888888889,45,57,0.7894736842105263,13,15,0.8666666666666667,,,,0.2819998264312744,60.00399994850159,60.28599977493286,211,6565,1
suggestSimilar.js,,0.7624835835673637,DynaMOSA,,true,0.8157894736842105,24,32,0.75,38,46,0.8260869565217391,4,6,0.6666666666666666,,,,0.47099995613098145,60.01600003242493,60.48699998855591,150,4671,1
