SUBJECT,CONFIGURATION,SEED,ALGORITHM,PROBE_ENABLED,CONSTANT_POOL_ENABLED,COVERAGE,COVERED_BRANCHES,TOTAL_BRANCHES,BRANCH_COVERAGE,COVERED_LINES,TOTAL_LINES,LINE_COVERAGE,COVERED_FUNCTIONS,TOTAL_FUNCTIONS,FUNCTION_COVERAGE,COVERED_PROBES,TOTAL_PROBES,PROBE_COVERAGE,INITIALIZATION_TIME,SEARCH_TIME,TOTAL_TIME,ITERATIONS,EVALUATIONS,VERSION
help.js,,0.12205001204364649,DynaMOSA,,true,0.6521739130434783,33,66,0.5,65,119,0.5462184873949579,19,37,0.5135135135135135,,,,3.196000099182129,60.019999980926514,63.21600008010864,51,1611,1
option.js,,0.12205001204364649,DynaMOSA,,true,0.7931034482758621,6,18,0.3333333333333333,45,57,0.7894736842105263,13,15,0.8666666666666667,,,,0.3450000286102295,60.02300000190735,60.36800003051758,164,5104,1
option.js,,0.12205001204364649,DynaMOSA,,true,0.9310344827586207,7,18,0.3888888888888889,45,57,0.7894736842105263,13,15,0.8666666666666667,,,,0.29200005531311035,60.00600004196167,60.29800009727478,201,6257,1
suggestSimilar.js,,0.12205001204364649,DynaMOSA,,true,0.8157894736842105,23,32,0.71875,37,46,0.8043478260869565,4,6,0.6666666666666666,,,,0.5130000114440918,60.02300000190735,60.53600001335144,147,4561,1
