SUBJECT,CONFIGURATION,SEED,ALGORITHM,PROBE_ENABLED,CONSTANT_POOL_ENABLED,COVERAGE,COVERED_BRANCHES,TOTAL_BRANCHES,BRANCH_COVERAGE,COVERED_LINES,TOTAL_LINES,LINE_COVERAGE,COVERED_FUNCTIONS,TOTAL_FUNCTIONS,FUNCTION_COVERAGE,COVERED_PROBES,TOTAL_PROBES,PROBE_COVERAGE,INITIALIZATION_TIME,SEARCH_TIME,TOTAL_TIME,ITERATIONS,EVALUATIONS,VERSION
help.js,,0.13883373307430802,DynaMOSA,,true,0.6521739130434783,35,66,0.5303030303030303,73,119,0.6134453781512605,22,37,0.5945945945945946,,,,3.125999927520752,60.03600001335144,63.16199994087219,44,1372,1
option.js,,0.13883373307430802,DynaMOSA,,true,0.7931034482758621,6,18,0.3333333333333333,45,57,0.7894736842105263,13,15,0.8666666666666667,,,,0.3599998950958252,60.0239999294281,60.383999824523926,157,4871,1
option.js,,0.13883373307430802,DynaMOSA,,true,0.9310344827586207,7,18,0.3888888888888889,45,57,0.7894736842105263,13,15,0.8666666666666667,,,,0.309999942779541,60.01200008392334,60.32200002670288,196,6080,1
suggestSimilar.js,,0.13883373307430802,DynaMOSA,,true,0.8157894736842105,25,32,0.78125,39,46,0.8478260869565217,4,6,0.6666666666666666,,,,0.5450000762939453,60.013999938964844,60.55900001525879,140,4355,1
