SUBJECT,CONFIGURATION,SEED,ALGORITHM,PROBE_ENABLED,CONSTANT_POOL_ENABLED,COVERAGE,COVERED_BRANCHES,TOTAL_BRANCHES,BRANCH_COVERAGE,COVERED_LINES,TOTAL_LINES,LINE_COVERAGE,COVERED_FUNCTIONS,TOTAL_FUNCTIONS,FUNCTION_COVERAGE,COVERED_PROBES,TOTAL_PROBES,PROBE_COVERAGE,INITIALIZATION_TIME,SEARCH_TIME,TOTAL_TIME,ITERATIONS,EVALUATIONS,VERSION
help.js,,0.36575411796107266,DynaMOSA,,true,0.6086956521739131,30,66,0.45454545454545453,61,119,0.5126050420168067,21,37,0.5675675675675675,,,,2.306999921798706,60.02999997138977,62.33699989318848,99,3070,1
option.js,,0.36575411796107266,DynaMOSA,,true,0.7586206896551724,5,18,0.2777777777777778,47,57,0.8245614035087719,13,15,0.8666666666666667,,,,0.48199987411499023,60.01099991798401,60.492999792099,141,4386,1
option.js,,0.36575411796107266,DynaMOSA,,true,0.896551724137931,6,18,0.3333333333333333,47,57,0.8245614035087719,13,15,0.8666666666666667,,,,0.33100008964538574,60.00999999046326,60.34100008010864,177,5491,1
suggestSimilar.js,,0.36575411796107266,DynaMOSA,,true,0.6052631578947368,17,32,0.53125,30,46,0.6521739130434783,4,6,0.6666666666666666,,,,0.5400002002716064,60.01300001144409,60.5530002117157,117,3649,1
