SUBJECT,CONFIGURATION,SEED,ALGORITHM,PROBE_ENABLED,CONSTANT_POOL_ENABLED,COVERAGE,COVERED_BRANCHES,TOTAL_BRANCHES,BRANCH_COVERAGE,COVERED_LINES,TOTAL_LINES,LINE_COVERAGE,COVERED_FUNCTIONS,TOTAL_FUNCTIONS,FUNCTION_COVERAGE,COVERED_PROBES,TOTAL_PROBES,PROBE_COVERAGE,INITIALIZATION_TIME,SEARCH_TIME,TOTAL_TIME,ITERATIONS,EVALUATIONS,VERSION
help.js,,0.40206489681597274,DynaMOSA,,true,0.6739130434782609,36,66,0.5454545454545454,66,119,0.5546218487394958,20,37,0.5405405405405406,,,,2.9539999961853027,60.045000076293945,62.99900007247925,68,2119,1
option.js,,0.40206489681597274,DynaMOSA,,true,0.7931034482758621,6,18,0.3333333333333333,45,57,0.7894736842105263,13,15,0.8666666666666667,,,,0.35899996757507324,60.019999980926514,60.37899994850159,156,4847,1
option.js,,0.40206489681597274,DynaMOSA,,true,0.9310344827586207,7,18,0.3888888888888889,45,57,0.7894736842105263,13,15,0.8666666666666667,,,,0.2720000743865967,60.009000062942505,60.2810001373291,198,6156,1
suggestSimilar.js,,0.40206489681597274,DynaMOSA,,true,0.8157894736842105,24,32,0.75,38,46,0.8260869565217391,4,6,0.6666666666666666,,,,0.4890000820159912,60.02300000190735,60.51200008392334,144,4480,1
