SUBJECT,CONFIGURATION,SEED,ALGORITHM,PROBE_ENABLED,CONSTANT_POOL_ENABLED,COVERAGE,COVERED_BRANCHES,TOTAL_BRANCHES,BRANCH_COVERAGE,COVERED_LINES,TOTAL_LINES,LINE_COVERAGE,COVERED_FUNCTIONS,TOTAL_FUNCTIONS,FUNCTION_COVERAGE,COVERED_PROBES,TOTAL_PROBES,PROBE_COVERAGE,INITIALIZATION_TIME,SEARCH_TIME,TOTAL_TIME,ITERATIONS,EVALUATIONS,VERSION
help.js,,0.508506016569074,DynaMOSA,,true,0.3804347826086957,13,66,0.19696969696969696,42,119,0.35294117647058826,19,37,0.5135135135135135,,,,2.0870001316070557,60.03499984741211,62.121999979019165,99,3084,1
option.js,,0.508506016569074,DynaMOSA,,true,0.7931034482758621,6,18,0.3333333333333333,48,57,0.8421052631578947,13,15,0.8666666666666667,,,,0.43000006675720215,60.01300001144409,60.443000078201294,160,4983,1
option.js,,0.508506016569074,DynaMOSA,,true,0.896551724137931,6,18,0.3333333333333333,48,57,0.8421052631578947,13,15,0.8666666666666667,,,,0.2819998264312744,60.00600004196167,60.287999868392944,199,6178,1
suggestSimilar.js,,0.508506016569074,DynaMOSA,,true,0.7105263157894737,22,32,0.6875,35,46,0.7608695652173914,3,6,0.5,,,,0.4270000457763672,60.021000146865845,60.44800019264221,146,4551,1
