SUBJECT,CONFIGURATION,SEED,ALGORITHM,PROBE_ENABLED,CONSTANT_POOL_ENABLED,COVERAGE,COVERED_BRANCHES,TOTAL_BRANCHES,BRANCH_COVERAGE,COVERED_LINES,TOTAL_LINES,LINE_COVERAGE,COVERED_FUNCTIONS,TOTAL_FUNCTIONS,FUNCTION_COVERAGE,COVERED_PROBES,TOTAL_PROBES,PROBE_COVERAGE,INITIALIZATION_TIME,SEARCH_TIME,TOTAL_TIME,ITERATIONS,EVALUATIONS,VERSION
help.js,,0.18263287902728748,DynaMOSA,,true,0.6847826086956522,36,66,0.5454545454545454,72,119,0.6050420168067226,20,37,0.5405405405405406,,,,3.2980000972747803,60.04699993133545,63.34500002861023,65,2023,1
option.js,,0.18263287902728748,DynaMOSA,,true,0.7931034482758621,6,18,0.3333333333333333,45,57,0.7894736842105263,13,15,0.8666666666666667,,,,0.34800004959106445,60.013999938964844,60.36199998855591,152,4714,1
option.js,,0.18263287902728748,DynaMOSA,,true,0.9310344827586207,7,18,0.3888888888888889,45,57,0.7894736842105263,13,15,0.8666666666666667,,,,0.2999999523162842,60.01099991798401,60.31099987030029,189,5879,1
suggestSimilar.js,,0.18263287902728748,DynaMOSA,,true,0.8157894736842105,25,32,0.78125,39,46,0.8478260869565217,4,6,0.6666666666666666,,,,0.5279998779296875,60.01300001144409,60.54099988937378,136,4240,1
