SUBJECT,CONFIGURATION,SEED,ALGORITHM,PROBE_ENABLED,CONSTANT_POOL_ENABLED,COVERAGE,COVERED_BRANCHES,TOTAL_BRANCHES,BRANCH_COVERAGE,COVERED_LINES,TOTAL_LINES,LINE_COVERAGE,COVERED_FUNCTIONS,TOTAL_FUNCTIONS,FUNCTION_COVERAGE,COVERED_PROBES,TOTAL_PROBES,PROBE_COVERAGE,INITIALIZATION_TIME,SEARCH_TIME,TOTAL_TIME,ITERATIONS,EVALUATIONS,VERSION
help.js,,0.6419118714692976,DynaMOSA,,true,0.6630434782608695,35,66,0.5303030303030303,67,119,0.5630252100840336,18,37,0.4864864864864865,,,,3.305999994277954,60.03800010681152,63.34400010108948,65,2025,1
option.js,,0.6419118714692976,DynaMOSA,,true,0.7931034482758621,6,18,0.3333333333333333,45,57,0.7894736842105263,13,15,0.8666666666666667,,,,0.37599992752075195,60.00999999046326,60.38599991798401,150,4656,1
option.js,,0.6419118714692976,DynaMOSA,,true,0.9310344827586207,7,18,0.3888888888888889,45,57,0.7894736842105263,13,15,0.8666666666666667,,,,0.28600001335144043,60.00999999046326,60.2960000038147,192,5980,1
suggestSimilar.js,,0.6419118714692976,DynaMOSA,,true,0.8157894736842105,25,32,0.78125,39,46,0.8478260869565217,4,6,0.6666666666666666,,,,0.48200011253356934,60.02300000190735,60.50500011444092,139,4315,1
