SUBJECT,CONFIGURATION,SEED,ALGORITHM,PROBE_ENABLED,CONSTANT_POOL_ENABLED,COVERAGE,COVERED_BRANCHES,TOTAL_BRANCHES,BRANCH_COVERAGE,COVERED_LINES,TOTAL_LINES,LINE_COVERAGE,COVERED_FUNCTIONS,TOTAL_FUNCTIONS,FUNCTION_COVERAGE,COVERED_PROBES,TOTAL_PROBES,PROBE_COVERAGE,INITIALIZATION_TIME,SEARCH_TIME,TOTAL_TIME,ITERATIONS,EVALUATIONS,VERSION
help.js,,0.3536036079089044,DynaMOSA,,true,0.5652173913043478,25,66,0.3787878787878788,59,119,0.4957983193277311,20,37,0.5405405405405406,,,,2.308000087738037,60.04099988937378,62.348999977111816,102,3187,1
option.js,,0.3536036079089044,DynaMOSA,,true,0.7931034482758621,6,18,0.3333333333333333,48,57,0.8421052631578947,13,15,0.8666666666666667,,,,0.505000114440918,60.015000104904175,60.52000021934509,137,4273,1
option.js,,0.3536036079089044,DynaMOSA,,true,0.9310344827586207,7,18,0.3888888888888889,48,57,0.8421052631578947,13,15,0.8666666666666667,,,,0.317000150680542,60.01600003242493,60.33300018310547,175,5429,1
suggestSimilar.js,,0.3536036079089044,DynaMOSA,,true,0.631578947368421,18,32,0.5625,31,46,0.6739130434782609,4,6,0.6666666666666666,,,,0.5610001087188721,60.02500009536743,60.586000204086304,115,3568,1
