SUBJECT,CONFIGURATION,SEED,ALGORITHM,PROBE_ENABLED,CONSTANT_POOL_ENABLED,COVERAGE,COVERED_BRANCHES,TOTAL_BRANCHES,BRANCH_COVERAGE,COVERED_LINES,TOTAL_LINES,LINE_COVERAGE,COVERED_FUNCTIONS,TOTAL_FUNCTIONS,FUNCTION_COVERAGE,COVERED_PROBES,TOTAL_PROBES,PROBE_COVERAGE,INITIALIZATION_TIME,SEARCH_TIME,TOTAL_TIME,ITERATIONS,EVALUATIONS,VERSION
help.js,,0.03894749441301784,DynaMOSA,,true,0.6086956521739131,29,66,0.4393939393939394,61,119,0.5126050420168067,18,37,0.4864864864864865,,,,3.191999912261963,60.032999992370605,63.22499990463257,45,1403,1
option.js,,0.03894749441301784,DynaMOSA,,true,0.7931034482758621,7,18,0.3888888888888889,45,57,0.7894736842105263,13,15,0.8666666666666667,,,,0.6159999370574951,60.01300001144409,60.62899994850159,168,5226,1
option.js,,0.03894749441301784,DynaMOSA,,true,0.9310344827586207,8,18,0.4444444444444444,45,57,0.7894736842105263,13,15,0.8666666666666667,,,,0.28299999237060547,60.003000020980835,60.28600001335144,213,6627,1
suggestSimilar.js,,0.03894749441301784,DynaMOSA,,true,0.8157894736842105,24,32,0.75,38,46,0.8260869565217391,4,6,0.6666666666666666,,,,0.440000057220459,60.01699995994568,60.45700001716614,152,4730,1
