SUBJECT,CONFIGURATION,SEED,ALGORITHM,PROBE_ENABLED,CONSTANT_POOL_ENABLED,COVERAGE,COVERED_BRANCHES,TOTAL_BRANCHES,BRANCH_COVERAGE,COVERED_LINES,TOTAL_LINES,LINE_COVERAGE,COVERED_FUNCTIONS,TOTAL_FUNCTIONS,FUNCTION_COVERAGE,COVERED_PROBES,TOTAL_PROBES,PROBE_COVERAGE,INITIALIZATION_TIME,SEARCH_TIME,TOTAL_TIME,ITERATIONS,EVALUATIONS,VERSION
help.js,,0.046106502468817735,DynaMOSA,,true,0.3804347826086957,14,66,0.21212121212121213,43,119,0.36134453781512604,19,37,0.5135135135135135,,,,2.123000144958496,60.03699994087219,62.16000008583069,99,3071,1
option.js,,0.046106502468817735,DynaMOSA,,true,0.7931034482758621,7,18,0.3888888888888889,48,57,0.8421052631578947,13,15,0.8666666666666667,,,,0.43600010871887207,60.009000062942505,60.44500017166138,158,4926,1
option.js,,0.046106502468817735,DynaMOSA,,true,0.896551724137931,7,18,0.3888888888888889,48,57,0.8421052631578947,13,15,0.8666666666666667,,,,0.30299997329711914,60.00999999046326,60.312999963760376,190,5894,1
suggestSimilar.js,,0.046106502468817735,DynaMOSA,,true,0.5,15,32,0.46875,27,46,0.5869565217391305,3,6,0.5,,,,0.47299981117248535,60.007999897003174,60.48099970817566,141,4377,1
