SUBJECT,CONFIGURATION,SEED,ALGORITHM,PROBE_ENABLED,CONSTANT_POOL_ENABLED,COVERAGE,COVERED_BRANCHES,TOTAL_BRANCHES,BRANCH_COVERAGE,COVERED_LINES,TOTAL_LINES,LINE_COVERAGE,COVERED_FUNCTIONS,TOTAL_FUNCTIONS,FUNCTION_COVERAGE,COVERED_PROBES,TOTAL_PROBES,PROBE_COVERAGE,INITIALIZATION_TIME,SEARCH_TIME,TOTAL_TIME,ITERATIONS,EVALUATIONS,VERSION
help.js,,0.03492446477272757,DynaMOSA,,true,0.3695652173913043,11,66,0.16666666666666666,42,119,0.35294117647058826,19,37,0.5135135135135135,,,,2.1690001487731934,60.02999997138977,62.199000120162964,96,2984,1
option.js,,0.03492446477272757,DynaMOSA,,true,0.7931034482758621,6,18,0.3333333333333333,47,57,0.8245614035087719,13,15,0.8666666666666667,,,,0.44499993324279785,60.02300000190735,60.46799993515015,157,4894,1
option.js,,0.03492446477272757,DynaMOSA,,true,0.896551724137931,6,18,0.3333333333333333,47,57,0.8245614035087719,13,15,0.8666666666666667,,,,0.2950000762939453,60.009000062942505,60.30400013923645,188,5856,1
suggestSimilar.js,,0.03492446477272757,DynaMOSA,,true,0.7105263157894737,23,32,0.71875,36,46,0.782608695652174,3,6,0.5,,,,0.5039999485015869,60.01099991798401,60.514999866485596,143,4446,1
