SUBJECT,CONFIGURATION,SEED,ALGORITHM,PROBE_ENABLED,CONSTANT_POOL_ENABLED,COVERAGE,COVERED_BRANCHES,TOTAL_BRANCHES,BRANCH_COVERAGE,COVERED_LINES,TOTAL_LINES,LINE_COVERAGE,COVERED_FUNCTIONS,TOTAL_FUNCTIONS,FUNCTION_COVERAGE,COVERED_PROBES,TOTAL_PROBES,PROBE_COVERAGE,INITIALIZATION_TIME,SEARCH_TIME,TOTAL_TIME,ITERATIONS,EVALUATIONS,VERSION
help.js,,0.6029083843389959,DynaMOSA,,true,0.5434782608695652,23,66,0.3484848484848485,55,119,0.46218487394957986,18,37,0.4864864864864865,,,,2.3489999771118164,60.0460000038147,62.394999980926514,53,1655,1
option.js,,0.6029083843389959,DynaMOSA,,true,0.7931034482758621,6,18,0.3333333333333333,45,57,0.7894736842105263,13,15,0.8666666666666667,,,,0.375,60.01600003242493,60.39100003242493,158,4921,1
option.js,,0.6029083843389959,DynaMOSA,,true,0.9310344827586207,7,18,0.3888888888888889,45,57,0.7894736842105263,13,15,0.8666666666666667,,,,0.32899999618530273,60.007999897003174,60.33699989318848,207,6429,1
suggestSimilar.js,,0.6029083843389959,DynaMOSA,,true,0.6052631578947368,17,32,0.53125,30,46,0.6521739130434783,4,6,0.6666666666666666,,,,0.5190000534057617,60.019999980926514,60.539000034332275,133,4149,1
