SUBJECT,CONFIGURATION,SEED,ALGORITHM,PROBE_ENABLED,CONSTANT_POOL_ENABLED,COVERAGE,COVERED_BRANCHES,TOTAL_BRANCHES,BRANCH_COVERAGE,COVERED_LINES,TOTAL_LINES,LINE_COVERAGE,COVERED_FUNCTIONS,TOTAL_FUNCTIONS,FUNCTION_COVERAGE,COVERED_PROBES,TOTAL_PROBES,PROBE_COVERAGE,INITIALIZATION_TIME,SEARCH_TIME,TOTAL_TIME,ITERATIONS,EVALUATIONS,VERSION
help.js,,0.7348971181079657,DynaMOSA,,true,0.6739130434782609,37,66,0.5606060606060606,72,119,0.6050420168067226,22,37,0.5945945945945946,,,,3.2709999084472656,60.16799998283386,63.43899989128113,67,2076,1
option.js,,0.7348971181079657,DynaMOSA,,true,0.7931034482758621,6,18,0.3333333333333333,45,57,0.7894736842105263,13,15,0.8666666666666667,,,,0.36500000953674316,60.01699995994568,60.38199996948242,151,4692,1
option.js,,0.7348971181079657,DynaMOSA,,true,0.9310344827586207,7,18,0.3888888888888889,45,57,0.7894736842105263,13,15,0.8666666666666667,,,,0.28600001335144043,60.00699996948242,60.29299998283386,191,5941,1
suggestSimilar.js,,0.7348971181079657,DynaMOSA,,true,0.8157894736842105,23,32,0.71875,37,46,0.8043478260869565,4,6,0.6666666666666666,,,,0.5080001354217529,60.019999980926514,60.52800011634827,139,4333,1
