SUBJECT,CONFIGURATION,SEED,ALGORITHM,PROBE_ENABLED,CONSTANT_POOL_ENABLED,COVERAGE,COVERED_BRANCHES,TOTAL_BRANCHES,BRANCH_COVERAGE,COVERED_LINES,TOTAL_LINES,LINE_COVERAGE,COVERED_FUNCTIONS,TOTAL_FUNCTIONS,FUNCTION_COVERAGE,COVERED_PROBES,TOTAL_PROBES,PROBE_COVERAGE,INITIALIZATION_TIME,SEARCH_TIME,TOTAL_TIME,ITERATIONS,EVALUATIONS,VERSION
help.js,,0.022309594586156067,DynaMOSA,,true,0.6521739130434783,34,66,0.5151515151515151,69,119,0.5798319327731093,20,37,0.5405405405405406,,,,3.0450000762939453,60.0550000667572,63.10000014305115,69,2151,1
option.js,,0.022309594586156067,DynaMOSA,,true,0.7931034482758621,6,18,0.3333333333333333,45,57,0.7894736842105263,13,15,0.8666666666666667,,,,0.3540000915527344,60.01100015640259,60.36500024795532,160,4989,1
option.js,,0.022309594586156067,DynaMOSA,,true,0.9310344827586207,7,18,0.3888888888888889,45,57,0.7894736842105263,13,15,0.8666666666666667,,,,0.28799986839294434,60.00800013542175,60.2960000038147,204,6351,1
suggestSimilar.js,,0.022309594586156067,DynaMOSA,,true,0.8157894736842105,23,32,0.71875,37,46,0.8043478260869565,4,6,0.6666666666666666,,,,0.4500000476837158,60.019999980926514,60.47000002861023,147,4578,1
