SUBJECT,CONFIGURATION,SEED,ALGORITHM,PROBE_ENABLED,CONSTANT_POOL_ENABLED,COVERAGE,COVERED_BRANCHES,TOTAL_BRANCHES,BRANCH_COVERAGE,COVERED_LINES,TOTAL_LINES,LINE_COVERAGE,COVERED_FUNCTIONS,TOTAL_FUNCTIONS,FUNCTION_COVERAGE,COVERED_PROBES,TOTAL_PROBES,PROBE_COVERAGE,INITIALIZATION_TIME,SEARCH_TIME,TOTAL_TIME,ITERATIONS,EVALUATIONS,VERSION
help.js,,0.6196062440546916,DynaMOSA,,true,0.6195652173913043,30,66,0.45454545454545453,59,119,0.4957983193277311,19,37,0.5135135135135135,,,,2.2249999046325684,60.019999980926514,62.24499988555908,47,1487,1
option.js,,0.6196062440546916,DynaMOSA,,true,0.7931034482758621,6,18,0.3333333333333333,45,57,0.7894736842105263,13,15,0.8666666666666667,,,,0.3990001678466797,60.01199984550476,60.41100001335144,163,5082,1
option.js,,0.6196062440546916,DynaMOSA,,true,0.9310344827586207,7,18,0.3888888888888889,45,57,0.7894736842105263,13,15,0.8666666666666667,,,,0.30900001525878906,60.00999999046326,60.319000005722046,215,6665,1
suggestSimilar.js,,0.6196062440546916,DynaMOSA,,true,0.8157894736842105,25,32,0.78125,39,46,0.8478260869565217,4,6,0.6666666666666666,,,,0.4830000400543213,60.02500009536743,60.50800013542175,131,4091,1
