SUBJECT,CONFIGURATION,SEED,ALGORITHM,PROBE_ENABLED,CONSTANT_POOL_ENABLED,COVERAGE,COVERED_BRANCHES,TOTAL_BRANCHES,BRANCH_COVERAGE,COVERED_LINES,TOTAL_LINES,LINE_COVERAGE,COVERED_FUNCTIONS,TOTAL_FUNCTIONS,FUNCTION_COVERAGE,COVERED_PROBES,TOTAL_PROBES,PROBE_COVERAGE,INITIALIZATION_TIME,SEARCH_TIME,TOTAL_TIME,ITERATIONS,EVALUATIONS,VERSION
help.js,,0.4069559826308969,DynaMOSA,,true,0.6847826086956522,38,66,0.5757575757575758,77,119,0.6470588235294118,20,37,0.5405405405405406,,,,2.9129998683929443,60.11900019645691,63.03200006484985,67,2105,1
option.js,,0.4069559826308969,DynaMOSA,,true,0.7931034482758621,6,18,0.3333333333333333,45,57,0.7894736842105263,13,15,0.8666666666666667,,,,0.37200021743774414,60.013999938964844,60.38600015640259,159,4943,1
option.js,,0.4069559826308969,DynaMOSA,,true,0.9310344827586207,7,18,0.3888888888888889,45,57,0.7894736842105263,13,15,0.8666666666666667,,,,0.27700018882751465,60.00499987602234,60.28200006484985,198,6148,1
suggestSimilar.js,,0.4069559826308969,DynaMOSA,,true,0.8157894736842105,23,32,0.71875,37,46,0.8043478260869565,4,6,0.6666666666666666,,,,0.4679999351501465,60.01700019836426,60.485000133514404,144,4484,1
