SUBJECT,CONFIGURATION,SEED,ALGORITHM,PROBE_ENABLED,CONSTANT_POOL_ENABLED,COVERAGE,COVERED_BRANCHES,TOTAL_BRANCHES,BRANCH_COVERAGE,COVERED_LINES,TOTAL_LINES,LINE_COVERAGE,COVERED_FUNCTIONS,TOTAL_FUNCTIONS,FUNCTION_COVERAGE,COVERED_PROBES,TOTAL_PROBES,PROBE_COVERAGE,INITIALIZATION_TIME,SEARCH_TIME,TOTAL_TIME,ITERATIONS,EVALUATIONS,VERSION
help.js,,0.9939996938003773,DynaMOSA,,true,0.6630434782608695,33,66,0.5,67,119,0.5630252100840336,19,37,0.5135135135135135,,,,3.075000047683716,60.06400012969971,63.13900017738342,46,1446,1
option.js,,0.9939996938003773,DynaMOSA,,true,0.7931034482758621,6,18,0.3333333333333333,45,57,0.7894736842105263,13,15,0.8666666666666667,,,,0.3450000286102295,60.01600003242493,60.361000061035156,156,4858,1
option.js,,0.9939996938003773,DynaMOSA,,true,0.9310344827586207,7,18,0.3888888888888889,45,57,0.7894736842105263,13,15,0.8666666666666667,,,,0.32400012016296387,60.003000020980835,60.3270001411438,197,6120,1
suggestSimilar.js,,0.9939996938003773,DynaMOSA,,true,0.8157894736842105,23,32,0.71875,38,46,0.8260869565217391,4,6,0.6666666666666666,,,,0.4890000820159912,60.0239999294281,60.51300001144409,142,4403,1
