SUBJECT,CONFIGURATION,SEED,ALGORITHM,PROBE_ENABLED,CONSTANT_POOL_ENABLED,COVERAGE,COVERED_BRANCHES,TOTAL_BRANCHES,BRANCH_COVERAGE,COVERED_LINES,TOTAL_LINES,LINE_COVERAGE,COVERED_FUNCTIONS,TOTAL_FUNCTIONS,FUNCTION_COVERAGE,COVERED_PROBES,TOTAL_PROBES,PROBE_COVERAGE,INITIALIZATION_TIME,SEARCH_TIME,TOTAL_TIME,ITERATIONS,EVALUATIONS,VERSION
help.js,,0.2521080399773891,DynaMOSA,,true,0.6739130434782609,39,66,0.5909090909090909,75,119,0.6302521008403361,22,37,0.5945945945945946,,,,3.2820000648498535,60.03200006484985,63.31400012969971,64,2011,1
option.js,,0.2521080399773891,DynaMOSA,,true,0.7931034482758621,6,18,0.3333333333333333,45,57,0.7894736842105263,13,15,0.8666666666666667,,,,0.39300012588500977,60.013999938964844,60.40700006484985,147,4578,1
option.js,,0.2521080399773891,DynaMOSA,,true,0.9310344827586207,7,18,0.3888888888888889,45,57,0.7894736842105263,13,15,0.8666666666666667,,,,0.29399991035461426,60.003000020980835,60.29699993133545,186,5793,1
suggestSimilar.js,,0.2521080399773891,DynaMOSA,,true,0.8157894736842105,23,32,0.71875,37,46,0.8043478260869565,4,6,0.6666666666666666,,,,0.4960000514984131,60.026999950408936,60.52300000190735,135,4201,1
