SUBJECT,CONFIGURATION,SEED,ALGORITHM,PROBE_ENABLED,CONSTANT_POOL_ENABLED,COVERAGE,COVERED_BRANCHES,TOTAL_BRANCHES,BRANCH_COVERAGE,COVERED_LINES,TOTAL_LINES,LINE_COVERAGE,COVERED_FUNCTIONS,TOTAL_FUNCTIONS,FUNCTION_COVERAGE,COVERED_PROBES,TOTAL_PROBES,PROBE_COVERAGE,INITIALIZATION_TIME,SEARCH_TIME,TOTAL_TIME,ITERATIONS,EVALUATIONS,VERSION
help.js,,0.4287220560874123,DynaMOSA,,true,0.6847826086956522,36,66,0.5454545454545454,73,119,0.6134453781512605,21,37,0.5675675675675675,,,,3.25,60.040000200271606,63.290000200271606,48,1517,1
option.js,,0.4287220560874123,DynaMOSA,,true,0.7931034482758621,6,18,0.3333333333333333,45,57,0.7894736842105263,13,15,0.8666666666666667,,,,0.7020001411437988,60.01099991798401,60.71300005912781,164,5095,1
option.js,,0.4287220560874123,DynaMOSA,,true,0.9310344827586207,7,18,0.3888888888888889,45,57,0.7894736842105263,13,15,0.8666666666666667,,,,0.2820000648498535,60.01100015640259,60.29300022125244,203,6294,1
suggestSimilar.js,,0.4287220560874123,DynaMOSA,,true,0.8157894736842105,25,32,0.78125,39,46,0.8478260869565217,4,6,0.6666666666666666,,,,0.5199999809265137,60.01800012588501,60.53800010681152,144,4484,1
