SUBJECT,CONFIGURATION,SEED,ALGORITHM,PROBE_ENABLED,CONSTANT_POOL_ENABLED,COVERAGE,COVERED_BRANCHES,TOTAL_BRANCHES,BRANCH_COVERAGE,COVERED_LINES,TOTAL_LINES,LINE_COVERAGE,COVERED_FUNCTIONS,TOTAL_FUNCTIONS,FUNCTION_COVERAGE,COVERED_PROBES,TOTAL_PROBES,PROBE_COVERAGE,INITIALIZATION_TIME,SEARCH_TIME,TOTAL_TIME,ITERATIONS,EVALUATIONS,VERSION
help.js,,0.8260142342511945,DynaMOSA,,true,0.5869565217391305,26,66,0.3939393939393939,61,119,0.5126050420168067,20,37,0.5405405405405406,,,,2.386000156402588,60.44099998474121,62.8270001411438,50,1549,1
option.js,,0.8260142342511945,DynaMOSA,,true,0.7931034482758621,6,18,0.3333333333333333,45,57,0.7894736842105263,13,15,0.8666666666666667,,,,0.3539998531341553,60.013999938964844,60.367999792099,159,4959,1
option.js,,0.8260142342511945,DynaMOSA,,true,0.9310344827586207,7,18,0.3888888888888889,45,57,0.7894736842105263,13,15,0.8666666666666667,,,,0.31400012969970703,60.009000062942505,60.32300019264221,206,6414,1
suggestSimilar.js,,0.8260142342511945,DynaMOSA,,true,0.6052631578947368,17,32,0.53125,30,46,0.6521739130434783,4,6,0.6666666666666666,,,,0.5180001258850098,60.026999950408936,60.545000076293945,134,4171,1
