SUBJECT,CONFIGURATION,SEED,ALGORITHM,PROBE_ENABLED,CONSTANT_POOL_ENABLED,COVERAGE,COVERED_BRANCHES,TOTAL_BRANCHES,BRANCH_COVERAGE,COVERED_LINES,TOTAL_LINES,LINE_COVERAGE,COVERED_FUNCTIONS,TOTAL_FUNCTIONS,FUNCTION_COVERAGE,COVERED_PROBES,TOTAL_PROBES,PROBE_COVERAGE,INITIALIZATION_TIME,SEARCH_TIME,TOTAL_TIME,ITERATIONS,EVALUATIONS,VERSION
help.js,,0.4741598208907053,DynaMOSA,,true,0.3804347826086957,14,66,0.21212121212121213,43,119,0.36134453781512604,19,37,0.5135135135135135,,,,2.179999828338623,60.03600001335144,62.21599984169006,97,3023,1
option.js,,0.4741598208907053,DynaMOSA,,true,0.7931034482758621,8,18,0.4444444444444444,48,57,0.8421052631578947,13,15,0.8666666666666667,,,,0.46900010108947754,60.01599979400635,60.484999895095825,155,4826,1
option.js,,0.4741598208907053,DynaMOSA,,true,0.896551724137931,8,18,0.4444444444444444,48,57,0.8421052631578947,13,15,0.8666666666666667,,,,0.2990000247955322,60.00600004196167,60.3050000667572,197,6116,1
suggestSimilar.js,,0.4741598208907053,DynaMOSA,,true,0.7105263157894737,21,32,0.65625,34,46,0.7391304347826086,3,6,0.5,,,,0.5249998569488525,60.021000146865845,60.5460000038147,140,4362,1
