SUBJECT,CONFIGURATION,SEED,ALGORITHM,PROBE_ENABLED,CONSTANT_POOL_ENABLED,COVERAGE,COVERED_BRANCHES,TOTAL_BRANCHES,BRANCH_COVERAGE,COVERED_LINES,TOTAL_LINES,LINE_COVERAGE,COVERED_FUNCTIONS,TOTAL_FUNCTIONS,FUNCTION_COVERAGE,COVERED_PROBES,TOTAL_PROBES,PROBE_COVERAGE,INITIALIZATION_TIME,SEARCH_TIME,TOTAL_TIME,ITERATIONS,EVALUATIONS,VERSION
help.js,,0.5836006709473253,DynaMOSA,,true,0.6413043478260869,32,66,0.48484848484848486,64,119,0.5378151260504201,18,37,0.4864864864864865,,,,3.447000026702881,60.88800001144409,64.33500003814697,48,1487,1
option.js,,0.5836006709473253,DynaMOSA,,true,0.7931034482758621,6,18,0.3333333333333333,45,57,0.7894736842105263,13,15,0.8666666666666667,,,,0.3619999885559082,60.013999938964844,60.37599992752075,164,5094,1
option.js,,0.5836006709473253,DynaMOSA,,true,0.9310344827586207,7,18,0.3888888888888889,45,57,0.7894736842105263,13,15,0.8666666666666667,,,,0.2999999523162842,60.00999999046326,60.30999994277954,203,6311,1
suggestSimilar.js,,0.5836006709473253,DynaMOSA,,true,0.8157894736842105,25,32,0.78125,39,46,0.8478260869565217,4,6,0.6666666666666666,,,,0.4649999141693115,60.01699995994568,60.48199987411499,143,4443,1
